Random,TITLE,DATE,ORDER,SONG,ARTIST,ARTIST - SONG,ALT TITLE,CLASS - GRADE
0.04374922791,Ad Hoc Rock,2022-04-04,27,Nervous Breakdown,Black Flag,Black Flag - Nervous Breakdown,AMP | 2022-04-04 | Ad Hoc Rock,
0.5770200844,Ad Hoc Rock,2022-04-04,17,Burning House of Love,X,X - Burning House of Love,AMP | 2022-04-04 | Ad Hoc Rock,
0.5251158824,Ad Hoc Rock,2022-04-04,31,Just Another Day,Oingo Boingo,Oingo Boingo - Just Another Day,AMP | 2022-04-04 | Ad Hoc Rock,
0.6359601867,Ad Hoc Rock,2022-04-04,34,Dead Souls,Nine Inch Nails,Nine Inch Nails - Dead Souls,AMP | 2022-04-04 | Ad Hoc Rock,
0.4440612458,Ad Hoc Rock,2022-04-04,30,Go With the Flow,Queens of the Stone Age,Queens of the Stone Age - Go With the Flow,AMP | 2022-04-04 | Ad Hoc Rock,
0.2900575754,Ad Hoc Rock,2022-04-04,11,Institutionalized,Suicidal Tendencies,Suicidal Tendencies - Institutionalized,AMP | 2022-04-04 | Ad Hoc Rock,
0.101299394,Ad Hoc Rock,2022-04-04,19,Only,Nine Inch Nails,Nine Inch Nails - Only,AMP | 2022-04-04 | Ad Hoc Rock,
0.0760827154,Ad Hoc Rock,2022-04-04,16,My Own Worst Enemy,Lit,Lit - My Own Worst Enemy,AMP | 2022-04-04 | Ad Hoc Rock,
0.4362716778,Ad Hoc Rock,2022-04-04,20,Living Dead Girl,Rob Zombie,Rob Zombie - Living Dead Girl,AMP | 2022-04-04 | Ad Hoc Rock,
0.7012301576,Ad Hoc Rock,2022-04-04,8,Alien,Pennywise,Pennywise - Alien,AMP | 2022-04-04 | Ad Hoc Rock,
0.04565919764,Ad Hoc Rock,2022-04-04,5,Pretty Fly,The Offspring,The Offspring - Pretty Fly,AMP | 2022-04-04 | Ad Hoc Rock,
0.4317337404,Ad Hoc Rock,2022-04-04,3,I Was Wrong,Social Distortion,Social Distortion - I Was Wrong,AMP | 2022-04-04 | Ad Hoc Rock,
0.3797007222,Ad Hoc Rock,2022-04-04,10,Ring of Fire,Social Distortion,Social Distortion - Ring of Fire,AMP | 2022-04-04 | Ad Hoc Rock,
0.6764078217,Ad Hoc Rock,2022-04-04,26,Alone Again Or,The Damned,The Damned - Alone Again Or,AMP | 2022-04-04 | Ad Hoc Rock,
0.5107881529,Ad Hoc Rock,2022-04-04,32,Holiday,Green Day,Green Day - Holiday,AMP | 2022-04-04 | Ad Hoc Rock,
0.5339560589,Ad Hoc Rock,2022-04-04,22,London Calling,The Clash,The Clash - London Calling,AMP | 2022-04-04 | Ad Hoc Rock,
0.9356799207,Ad Hoc Rock,2022-04-04,1,You’re Gonna Go Far Kid,The Offspring,The Offspring - You’re Gonna Go Far Kid,AMP | 2022-04-04 | Ad Hoc Rock,
0.2756509469,Ad Hoc Rock,2022-04-04,7,These Days,Alien Ant Farm,Alien Ant Farm - These Days,AMP | 2022-04-04 | Ad Hoc Rock,
0.2350115261,Ad Hoc Rock,2022-04-04,33,Adam’s Song,Blink 182,Blink 182 - Adam’s Song,AMP | 2022-04-04 | Ad Hoc Rock,
0.3684756915,Ad Hoc Rock,2022-04-04,18,Midlife Crisis,Faith No More,Faith No More - Midlife Crisis,AMP | 2022-04-04 | Ad Hoc Rock,
0.6585064713,Ad Hoc Rock,2022-04-04,12,NWO,Ministry,Ministry - NWO,AMP | 2022-04-04 | Ad Hoc Rock,
0.8340091504,Ad Hoc Rock,2022-04-04,29,Diamond Eyes,Deftones,Deftones - Diamond Eyes,AMP | 2022-04-04 | Ad Hoc Rock,
0.5589400291,Ad Hoc Rock,2022-04-04,13,Movies,Alient Ant Farm,Alient Ant Farm - Movies,AMP | 2022-04-04 | Ad Hoc Rock,
0.3768267714,Ad Hoc Rock,2022-04-04,4,Passenger,Deftones,Deftones - Passenger,AMP | 2022-04-04 | Ad Hoc Rock,
0.1806444627,Ad Hoc Rock,2022-04-04,23,EMI,Sex Pistols,Sex Pistols - EMI,AMP | 2022-04-04 | Ad Hoc Rock,
0.7102136976,Ad Hoc Rock,2022-04-04,21,Kool Thing,Sonic Youth,Sonic Youth - Kool Thing,AMP | 2022-04-04 | Ad Hoc Rock,
0.3779596185,Ad Hoc Rock,2022-04-04,24,Candy,Iggy Pop,Iggy Pop - Candy,AMP | 2022-04-04 | Ad Hoc Rock,
0.02938892693,Ad Hoc Rock,2022-04-04,6,My Way,Limp Bizkit,Limp Bizkit - My Way,AMP | 2022-04-04 | Ad Hoc Rock,
0.04493778009,Ad Hoc Rock,2022-04-04,35,Freedom,Rage Against The Machine,Rage Against The Machine - Freedom,AMP | 2022-04-04 | Ad Hoc Rock,
0.3217018373,Ad Hoc Rock,2022-04-04,14,Duality,Slipknot,Slipknot - Duality,AMP | 2022-04-04 | Ad Hoc Rock,
0.1698490222,Ad Hoc Rock,2022-04-04,15,You Can’t Bring Me Down,Suicidal Tendencies,Suicidal Tendencies - You Can’t Bring Me Down,AMP | 2022-04-04 | Ad Hoc Rock,
0.6134830187,Ad Hoc Rock,2022-04-04,28,Sunday Bloody Sunday,U2,U2 - Sunday Bloody Sunday,AMP | 2022-04-04 | Ad Hoc Rock,
0.667263803,Ad Hoc Rock,2022-04-04,9,Self Esteem,The Offspring,The Offspring - Self Esteem,AMP | 2022-04-04 | Ad Hoc Rock,
0.8041386726,Ad Hoc Rock,2022-04-04,25,Dirty Blvd,Lou Reed,Lou Reed - Dirty Blvd,AMP | 2022-04-04 | Ad Hoc Rock,
0.3080045511,Ad Hoc Rock,2022-04-04,2,In Too Deep,Sum 41,Sum 41 - In Too Deep,AMP | 2022-04-04 | Ad Hoc Rock,
0.1650225467,Long Rock,2022-04-07,5,Three Days,Janes Addiction,Janes Addiction - Three Days,AMP | 2022-04-07 | Long Rock,
0.8749707675,Long Rock,2022-04-07,7,Am I Ever Gonna Change,Extreme,Extreme - Am I Ever Gonna Change,AMP | 2022-04-07 | Long Rock,
0.1345782821,Long Rock,2022-04-07,2,Can’t You Hear Me Knockin,Rolling Stones,Rolling Stones - Can’t You Hear Me Knockin,AMP | 2022-04-07 | Long Rock,
0.9732910488,Long Rock,2022-04-07,13,Midnight Moonlight,The Firm,The Firm - Midnight Moonlight,AMP | 2022-04-07 | Long Rock,
0.7388195556,Long Rock,2022-04-07,9,Carouselambra,Led Zeppelin,Led Zeppelin - Carouselambra,AMP | 2022-04-07 | Long Rock,
0.9596060757,Long Rock,2022-04-07,4,Gonna Raise Hell,Cheap Trick,Cheap Trick - Gonna Raise Hell,AMP | 2022-04-07 | Long Rock,
0.8396325198,Long Rock,2022-04-07,12,Halo of Flies,Alice Cooper,Alice Cooper - Halo of Flies,AMP | 2022-04-07 | Long Rock,
0.1113268526,Long Rock,2022-04-07,8,The Confessor,Joe Walsh,Joe Walsh - The Confessor,AMP | 2022-04-07 | Long Rock,
0.7604954904,Long Rock,2022-04-07,11,Do You Feel Lke We Do,Peter Frampton,Peter Frampton - Do You Feel Lke We Do,AMP | 2022-04-07 | Long Rock,
0.2068562901,Long Rock,2022-04-07,3,I Want You,Beatles,Beatles - I Want You,AMP | 2022-04-07 | Long Rock,
0.4734923729,Long Rock,2022-04-07,1,November Rain,Guns N Roses,Guns N Roses - November Rain,AMP | 2022-04-07 | Long Rock,
0.04704970749,Long Rock,2022-04-07,10,Minstrel In The Gallery,Jethro Tull,Jethro Tull - Minstrel In The Gallery,AMP | 2022-04-07 | Long Rock,
0.0320489721,Long Rock,2022-04-07,6,Estranged,Guns N Roses,Guns N Roses - Estranged,AMP | 2022-04-07 | Long Rock,
0.4222845799,Ad Hoc Rock,2022-04-14,11,Man On The Moon,R.E.M.,R.E.M. - Man On The Moon,AMP | 2022-04-14 | Ad Hoc Rock,
0.8953735652,Ad Hoc Rock,2022-04-14,7,Us and Them,Pink Floyd,Pink Floyd - Us and Them,AMP | 2022-04-14 | Ad Hoc Rock,
0.564699502,Ad Hoc Rock,2022-04-14,9,Lonely People,Styx (1..0),Styx (1..0) - Lonely People,AMP | 2022-04-14 | Ad Hoc Rock,
0.07348421057,Ad Hoc Rock,2022-04-14,12,Why Can’t This Be Love?,Van Halen,Van Halen - Why Can’t This Be Love?,AMP | 2022-04-14 | Ad Hoc Rock,
0.05836442292,Ad Hoc Rock,2022-04-14,1,I’m Still Standing,Elton John,Elton John - I’m Still Standing,AMP | 2022-04-14 | Ad Hoc Rock,
0.001934429017,Ad Hoc Rock,2022-04-14,17,It’s Over,Boz Scaggs,Boz Scaggs - It’s Over,AMP | 2022-04-14 | Ad Hoc Rock,
0.488893061,Ad Hoc Rock,2022-04-14,6,In The Company of Wolves,Incubus (1..2),Incubus (1..2) - In The Company of Wolves,AMP | 2022-04-14 | Ad Hoc Rock,
0.8745049364,Ad Hoc Rock,2022-04-14,15,One Way Or Another,Blondie,Blondie - One Way Or Another,AMP | 2022-04-14 | Ad Hoc Rock,
0.1664730821,Ad Hoc Rock,2022-04-14,16,One,U2,U2 - One,AMP | 2022-04-14 | Ad Hoc Rock,
0.9774406895,Ad Hoc Rock,2022-04-14,4,Baba O’Riley,The Who,The Who - Baba O’Riley,AMP | 2022-04-14 | Ad Hoc Rock,
0.0612548551,Ad Hoc Rock,2022-04-14,5,Kashmir,Led Zeppelin,Led Zeppelin - Kashmir,AMP | 2022-04-14 | Ad Hoc Rock,
0.8031307539,Ad Hoc Rock,2022-04-14,8,Every Little Thing She Does Is Magic,The Police,The Police - Every Little Thing She Does Is Magic,AMP | 2022-04-14 | Ad Hoc Rock,
0.5469222555,Ad Hoc Rock,2022-04-14,4,Eyes of a Stranger,Queensryche,Queensryche - Eyes of a Stranger,AMP | 2022-04-14 | Ad Hoc Rock,
0.3129283086,Ad Hoc Rock,2022-04-14,5,Feels Like The First Time,Foreigner,Foreigner - Feels Like The First Time,AMP | 2022-04-14 | Ad Hoc Rock,
0.6971072354,Ad Hoc Rock,2022-04-14,7,On The Border,Eagles,Eagles - On The Border,AMP | 2022-04-14 | Ad Hoc Rock,
0.3721941352,Ad Hoc Rock,2022-04-14,8,Abacab,Genesis (2..1),Genesis (2..1) - Abacab,AMP | 2022-04-14 | Ad Hoc Rock,
0.1507673278,Ad Hoc Rock,2022-04-14,13,Even The Losers,Tom Petty,Tom Petty - Even The Losers,AMP | 2022-04-14 | Ad Hoc Rock,
0.8153424732,Ad Hoc Rock,2022-04-14,6,Smokin,Boston,Boston - Smokin,AMP | 2022-04-14 | Ad Hoc Rock,
0.02801178833,Ad Hoc Rock,2022-04-14,2,Funeral For a Friend,Elton John (2..0),Elton John (2..0) - Funeral For a Friend,AMP | 2022-04-14 | Ad Hoc Rock,
0.8000276161,Ad Hoc Rock,2022-04-14,3,Green Grass and High Tides,The Outlaws,The Outlaws - Green Grass and High Tides,AMP | 2022-04-14 | Ad Hoc Rock,
0.9990507818,Ad Hoc Rock,2022-04-14,1,Foreplay/Long Time,Boston,Boston - Foreplay/Long Time,AMP | 2022-04-14 | Ad Hoc Rock,
0.5786065908,Ad Hoc Rock,2022-04-14,14,I’ve Been Searchin’ So Long,Chicago,Chicago - I’ve Been Searchin’ So Long,AMP | 2022-04-14 | Ad Hoc Rock,
0.4884937726,Ad Hoc Rock,2022-04-14,9,Nobody Told Me,John Lennon,John Lennon - Nobody Told Me,AMP | 2022-04-14 | Ad Hoc Rock,
0.8182530601,Ad Hoc Rock,2022-04-14,10,At The Hundredth Meridian,The Tragically Hip,The Tragically Hip - At The Hundredth Meridian,AMP | 2022-04-14 | Ad Hoc Rock,
0.628299145,Ad Hoc Rock,2022-04-14,2,Couldn’t Get It Right,Climax Blues Band,Climax Blues Band - Couldn’t Get It Right,AMP | 2022-04-14 | Ad Hoc Rock,
0.4208026799,Ad Hoc Rock,2022-04-14,3,Back On The Road Again,REO Speedwagon,REO Speedwagon - Back On The Road Again,AMP | 2022-04-14 | Ad Hoc Rock,
0.08906949615,Ad Hoc Rock,2022-04-18,2,Man On the Silver Mountain,Rainbow,Rainbow - Man On the Silver Mountain,AMP | 2022-04-18 | Ad Hoc Rock,
0.9774353802,Ad Hoc Rock,2022-04-18,1,Heaven And Hell,Black Sabbath,Black Sabbath - Heaven And Hell,AMP | 2022-04-18 | Ad Hoc Rock,
0.3455075118,Ad Hoc Rock,2022-04-18,3,Misty Mountain Hop,Led Zeppelin,Led Zeppelin - Misty Mountain Hop,AMP | 2022-04-18 | Ad Hoc Rock,
0.6051202646,Ad Hoc M-M-Metal,2022-04-19,2,Wild Side,Motley Crue,Motley Crue - Wild Side,AMP | 2022-04-19 | Ad Hoc M-M-Metal,
0.432736335,Ad Hoc M-M-Metal,2022-04-19,8,The Trooper,Iron Maiden (3..2),Iron Maiden (3..2) - The Trooper,AMP | 2022-04-19 | Ad Hoc M-M-Metal,
0.7804656916,Ad Hoc M-M-Metal,2022-04-19,5,Foreclosure Of A Dream,Megadeth (1..2),Megadeth (1..2) - Foreclosure Of A Dream,AMP | 2022-04-19 | Ad Hoc M-M-Metal,
0.3815089584,Ad Hoc M-M-Metal,2022-04-19,1,Symphony Of Destruction,Megadeth (1..0),Megadeth (1..0) - Symphony Of Destruction,AMP | 2022-04-19 | Ad Hoc M-M-Metal,
0.7569581443,Ad Hoc M-M-Metal,2022-04-19,6,Shout At The Devil,Motley Crue (2..3),Motley Crue (2..3) - Shout At The Devil,AMP | 2022-04-19 | Ad Hoc M-M-Metal,
0.4783738499,Ad Hoc M-M-Metal,2022-04-19,4,Bulls On Parade,Rage Against The Machine,Rage Against The Machine - Bulls On Parade,AMP | 2022-04-19 | Ad Hoc M-M-Metal,
0.3338895707,Ad Hoc M-M-Metal,2022-04-19,9,You’ve Got Another Thing Coming,Judas Priest,Judas Priest - You’ve Got Another Thing Coming,AMP | 2022-04-19 | Ad Hoc M-M-Metal,
0.3685408143,Ad Hoc M-M-Metal,2022-04-19,7,God Was Never On Your Side,Motorhead,Motorhead - God Was Never On Your Side,AMP | 2022-04-19 | Ad Hoc M-M-Metal,
0.7655392257,Ad Hoc M-M-Metal,2022-04-19,3,Flight of Icarus,Iron Maiden,Iron Maiden - Flight of Icarus,AMP | 2022-04-19 | Ad Hoc M-M-Metal,
0.03204337833,Grunge On The Rocks,2022-04-20,8,Always On The Run,Lenny Kravitz,Lenny Kravitz - Always On The Run,AMP | 2022-04-20 | Grunge On The Rocks,
0.8489984614,Grunge On The Rocks,2022-04-20,1,Big Empty,Stone Temple Pilots,Stone Temple Pilots - Big Empty,AMP | 2022-04-20 | Grunge On The Rocks,
0.4359835823,Grunge On The Rocks,2022-04-20,4,I’ll Stick Around,Foo Fighters,Foo Fighters - I’ll Stick Around,AMP | 2022-04-20 | Grunge On The Rocks,
0.1156258843,Grunge On The Rocks,2022-04-20,9,Sour Girl,Stone Temple Pilots (1..0),Stone Temple Pilots (1..0) - Sour Girl,AMP | 2022-04-20 | Grunge On The Rocks,
0.4559629424,Grunge On The Rocks,2022-04-20,3,Trippin’ on a Hole in a Paper Heart,Stone Temple Pilots,Stone Temple Pilots - Trippin’ on a Hole in a Paper Heart,AMP | 2022-04-20 | Grunge On The Rocks,
0.2473529356,Grunge On The Rocks,2022-04-20,5,Cherub Rock,Smashing Pumpkins,Smashing Pumpkins - Cherub Rock,AMP | 2022-04-20 | Grunge On The Rocks,
0.6176623585,Grunge On The Rocks,2022-04-20,7,Cut You In,Jerry Cantrell,Jerry Cantrell - Cut You In,AMP | 2022-04-20 | Grunge On The Rocks,
0.5333995916,Grunge On The Rocks,2022-04-20,2,Slither,Velvet Revolver,Velvet Revolver - Slither,AMP | 2022-04-20 | Grunge On The Rocks,
0.6249729948,Grunge On The Rocks,2022-04-20,6,Pushin’ Forward Back,Temple Of The Dog,Temple Of The Dog - Pushin’ Forward Back,AMP | 2022-04-20 | Grunge On The Rocks,
0.3295089528,Ad Hoc Classic Rock,2022-04-21,12,Who Are You,The Who,The Who - Who Are You,AMP | 2022-04-21 | Ad Hoc Classic Rock,
0.1947649083,Ad Hoc Classic Rock,2022-04-21,8,Sweet Child O’ Mine,Guns N Roses (2..1),Guns N Roses (2..1) - Sweet Child O’ Mine,AMP | 2022-04-21 | Ad Hoc Classic Rock,
0.05029483013,Ad Hoc Classic Rock,2022-04-21,5,Under the Bridge,Red Hot Chili Peppers (1..2),Red Hot Chili Peppers (1..2) - Under the Bridge,AMP | 2022-04-21 | Ad Hoc Classic Rock,
0.7315977775,Ad Hoc Classic Rock,2022-04-21,7,Run Like Hell,Pink Floyd,Pink Floyd - Run Like Hell,AMP | 2022-04-21 | Ad Hoc Classic Rock,
0.451069328,Ad Hoc Classic Rock,2022-04-21,3,Paradise City,Guns N Roses,Guns N Roses - Paradise City,AMP | 2022-04-21 | Ad Hoc Classic Rock,
0.06034392377,Ad Hoc Classic Rock,2022-04-21,9,Unchained,Van Halen (1..3),Van Halen (1..3) - Unchained,AMP | 2022-04-21 | Ad Hoc Classic Rock,
0.5895543967,Ad Hoc Classic Rock,2022-04-21,4,Without You,Motley Crue,Motley Crue - Without You,AMP | 2022-04-21 | Ad Hoc Classic Rock,
0.1433461026,Ad Hoc Classic Rock,2022-04-21,2,Houses Of The Holy,Led Zeppelin,Led Zeppelin - Houses Of The Holy,AMP | 2022-04-21 | Ad Hoc Classic Rock,
0.416784118,Ad Hoc Classic Rock,2022-04-21,6,Summer Nights,Van Halen,Van Halen - Summer Nights,AMP | 2022-04-21 | Ad Hoc Classic Rock,
0.1845362594,Ad Hoc Classic Rock,2022-04-21,1,And the Cradle Will Rock,Van Halen,Van Halen - And the Cradle Will Rock,AMP | 2022-04-21 | Ad Hoc Classic Rock,
0.9624993515,Ad Hoc Classic Rock,2022-04-21,11,Talk To Ya Later,The Tubes,The Tubes - Talk To Ya Later,AMP | 2022-04-21 | Ad Hoc Classic Rock,
0.1496844523,Ad Hoc Classic Rock,2022-04-21,13,The Song Remains The Same,Led Zeppelin,Led Zeppelin - The Song Remains The Same,AMP | 2022-04-21 | Ad Hoc Classic Rock,
0.3512755842,Ad Hoc Classic Rock,2022-04-21,10,Without You,The Doobie Brothers (2..3),The Doobie Brothers (2..3) - Without You,AMP | 2022-04-21 | Ad Hoc Classic Rock,
0.7840446105,On The Southern Side,2022-04-22,1,Call Me The Breeze,Lynrd Skynrd,Lynrd Skynrd - Call Me The Breeze,AMP | 2022-04-22 | On The Southern Side,
0.7249836682,On The Southern Side,2022-04-22,13,Lyin’ Eyes,Eagles,Eagles - Lyin’ Eyes,AMP | 2022-04-22 | On The Southern Side,
0.1011542213,On The Southern Side,2022-04-22,15,Remember To Breathe,Sturgill Simpson,Sturgill Simpson - Remember To Breathe,AMP | 2022-04-22 | On The Southern Side,
0.6340647027,On The Southern Side,2022-04-22,7,Just Got Paid,ZZ Top,ZZ Top - Just Got Paid,AMP | 2022-04-22 | On The Southern Side,
0.8550922733,On The Southern Side,2022-04-22,11,Lonely Boy,The Black Keys,The Black Keys - Lonely Boy,AMP | 2022-04-22 | On The Southern Side,
0.6892300735,On The Southern Side,2022-04-22,5,Hold On Loosely,38 Special,38 Special - Hold On Loosely,AMP | 2022-04-22 | On The Southern Side,
0.1393941582,On The Southern Side,2022-04-22,8,Sing Along,Sturgill Simpson,Sturgill Simpson - Sing Along,AMP | 2022-04-22 | On The Southern Side,
0.5969275042,On The Southern Side,2022-04-22,9,Homegrown,Zac Brown Band,Zac Brown Band - Homegrown,AMP | 2022-04-22 | On The Southern Side,
0.3159750718,On The Southern Side,2022-04-22,4,"Train, Train",Blackfoot,"Blackfoot - Train, Train",AMP | 2022-04-22 | On The Southern Side,
0.01222023035,On The Southern Side,2022-04-22,6,The Night They Drove Old Dixie Down,The Band,The Band - The Night They Drove Old Dixie Down,AMP | 2022-04-22 | On The Southern Side,
0.4443681674,On The Southern Side,2022-04-22,3,Take It Easy,Eagles,Eagles - Take It Easy,AMP | 2022-04-22 | On The Southern Side,
0.5732119167,On The Southern Side,2022-04-22,18,Sex on Fire,Kings of Leon,Kings of Leon - Sex on Fire,AMP | 2022-04-22 | On The Southern Side,
0.1234988391,On The Southern Side,2022-04-22,10,Dreams I’ll Never See,Molly Hatchett,Molly Hatchett - Dreams I’ll Never See,AMP | 2022-04-22 | On The Southern Side,
0.6890387235,On The Southern Side,2022-04-22,2,Fire on the Mountain,The Marshall Tucker Band,The Marshall Tucker Band - Fire on the Mountain,AMP | 2022-04-22 | On The Southern Side,
0.6838871758,On The Southern Side,2022-04-22,12,Drink In My Hand,Eric Church,Eric Church - Drink In My Hand,AMP | 2022-04-22 | On The Southern Side,
0.06159619005,On The Southern Side,2022-04-22,17,Wild-Eyed Southern Boys,38 Special,38 Special - Wild-Eyed Southern Boys,AMP | 2022-04-22 | On The Southern Side,
0.3770047021,On The Southern Side,2022-04-22,14,Whipping Post,Allman Brothers,Allman Brothers - Whipping Post,AMP | 2022-04-22 | On The Southern Side,
0.9680474837,On The Southern Side,2022-04-22,19,Country Comfort,Elton John,Elton John - Country Comfort,AMP | 2022-04-22 | On The Southern Side,
0.140553899,On The Southern Side,2022-04-22,16,A Common Disaster,Cowboy Junkies,Cowboy Junkies - A Common Disaster,AMP | 2022-04-22 | On The Southern Side,
0.220872632,Sounds Aggressive,2022-04-22,4,One Step Closer,Linkin Park,Linkin Park - One Step Closer,AMP | 2022-04-22 | Sounds Aggressive,
0.6043490639,Sounds Aggressive,2022-04-22,10,Shoot to Thrill,AC/DC,AC/DC - Shoot to Thrill,AMP | 2022-04-22 | Sounds Aggressive,
0.6744929239,Sounds Aggressive,2022-04-22,12,Twisted Transistor,Korn,Korn - Twisted Transistor,AMP | 2022-04-22 | Sounds Aggressive,
0.8125470479,Sounds Aggressive,2022-04-22,3,Rollin’,Limp Bizkit,Limp Bizkit - Rollin’,AMP | 2022-04-22 | Sounds Aggressive,
0.6476911966,Sounds Aggressive,2022-04-22,5,On A Plain,Nirvana,Nirvana - On A Plain,AMP | 2022-04-22 | Sounds Aggressive,
0.1361181102,Sounds Aggressive,2022-04-22,7,Fat Lip,Sum 41,Sum 41 - Fat Lip,AMP | 2022-04-22 | Sounds Aggressive,
0.6801254839,Sounds Aggressive,2022-04-22,8,Toxicity,System Of A Down,System Of A Down - Toxicity,AMP | 2022-04-22 | Sounds Aggressive,
0.6372017489,Sounds Aggressive,2022-04-22,1,Sugar,System Of A Down,System Of A Down - Sugar,AMP | 2022-04-22 | Sounds Aggressive,
0.4057993774,Sounds Aggressive,2022-04-22,9,Psychosocial,Slipknot,Slipknot - Psychosocial,AMP | 2022-04-22 | Sounds Aggressive,
0.7175219932,Sounds Aggressive,2022-04-22,13,Falling to Pieces,Faith No More,Faith No More - Falling to Pieces,AMP | 2022-04-22 | Sounds Aggressive,
0.7886374711,Sounds Aggressive,2022-04-22,11,Break Stuff,Limp Bizkit,Limp Bizkit - Break Stuff,AMP | 2022-04-22 | Sounds Aggressive,
0.8701313833,Sounds Aggressive,2022-04-22,6,Welcome To Paradise,Green Day,Green Day - Welcome To Paradise,AMP | 2022-04-22 | Sounds Aggressive,
0.5731664466,Sounds Aggressive,2022-04-22,2,Got the Life,Korn,Korn - Got the Life,AMP | 2022-04-22 | Sounds Aggressive,
0.2818272258,Sounds Aggressive,2022-04-22,14,In Too Deep,Sum 41,Sum 41 - In Too Deep,AMP | 2022-04-22 | Sounds Aggressive,
0.1202013649,Ad Hoc Rock: 3x3,2022-04-25,1,Come a Little Closer,Cage The Elephant,Cage The Elephant - Come a Little Closer,AMP | 2022-04-25 | Ad Hoc Rock: 3x3,
0.5676751791,Ad Hoc Rock: 3x3,2022-04-25,9,Ana’s Song (Open Fire),Silverchair,Silverchair - Ana’s Song (Open Fire),AMP | 2022-04-25 | Ad Hoc Rock: 3x3,
0.15248133,Ad Hoc Rock: 3x3,2022-04-25,5,Sour Girl,Stone Temple Pilots,Stone Temple Pilots - Sour Girl,AMP | 2022-04-25 | Ad Hoc Rock: 3x3,
0.1148496368,Ad Hoc Rock: 3x3,2022-04-25,7,Israel’s Son,Silverchair,Silverchair - Israel’s Son,AMP | 2022-04-25 | Ad Hoc Rock: 3x3,
0.6731181429,Ad Hoc Rock: 3x3,2022-04-25,8,Tomorrow,Silverchair,Silverchair - Tomorrow,AMP | 2022-04-25 | Ad Hoc Rock: 3x3,
0.06674528688,Ad Hoc Rock: 3x3,2022-04-25,2,Back Against the Wall,Cage The Elephant,Cage The Elephant - Back Against the Wall,AMP | 2022-04-25 | Ad Hoc Rock: 3x3,
0.05086537107,Ad Hoc Rock: 3x3,2022-04-25,3,Aberdeen,Cage The Elephant,Cage The Elephant - Aberdeen,AMP | 2022-04-25 | Ad Hoc Rock: 3x3,
0.4769452372,Ad Hoc Rock: 3x3,2022-04-25,6,Meadow,Stone Temple Pilots,Stone Temple Pilots - Meadow,AMP | 2022-04-25 | Ad Hoc Rock: 3x3,
0.1165605744,Ad Hoc Rock: 3x3,2022-04-25,4,Interstate Love Song,Stone Temple Pilots,Stone Temple Pilots - Interstate Love Song,AMP | 2022-04-25 | Ad Hoc Rock: 3x3,
0.3336855392,Rock + Alt,2022-04-27,23,No One Knows,Queens Of The Stone Age,Queens Of The Stone Age - No One Knows,AMP | 2022-04-27 | Rock + Alt,
0.9762425948,Rock + Alt,2022-04-27,5,The One I Love,R.E.M.,R.E.M. - The One I Love,AMP | 2022-04-27 | Rock + Alt,
0.1170992263,Rock + Alt,2022-04-27,2,Somebody Told Me,The Killers,The Killers - Somebody Told Me,AMP | 2022-04-27 | Rock + Alt,
0.02562434517,Rock + Alt,2022-04-27,12,Plush,Stone Temple Pilots,Stone Temple Pilots - Plush,AMP | 2022-04-27 | Rock + Alt,
0.06254389268,Rock + Alt,2022-04-27,16,Goldfinger,Ash,Ash - Goldfinger,AMP | 2022-04-27 | Rock + Alt,
0.5206614576,Rock + Alt,2022-04-27,14,Beautiful Disaster,311,311 - Beautiful Disaster,AMP | 2022-04-27 | Rock + Alt,
0.01312853948,Rock + Alt,2022-04-27,19,Blood Sugar Sex Magik,Red Hot Chili Peppers,Red Hot Chili Peppers - Blood Sugar Sex Magik,AMP | 2022-04-27 | Rock + Alt,
0.7083750472,Rock + Alt,2022-04-27,18,"This Ain’t a Scene, It’s an Arms Race",Fall Out Boy,"Fall Out Boy - This Ain’t a Scene, It’s an Arms Race",AMP | 2022-04-27 | Rock + Alt,
0.4431988671,Rock + Alt,2022-04-27,1,Shake Me Down,Cage The Elephant,Cage The Elephant - Shake Me Down,AMP | 2022-04-27 | Rock + Alt,
0.4049641422,Rock + Alt,2022-04-27,13,Cherub Rock,The Smashing Pumpkins,The Smashing Pumpkins - Cherub Rock,AMP | 2022-04-27 | Rock + Alt,
0.1026765462,Rock + Alt,2022-04-27,3,Take Me Out,Franz Ferdinand,Franz Ferdinand - Take Me Out,AMP | 2022-04-27 | Rock + Alt,
0.4943068971,Rock + Alt,2022-04-27,4,Sunday Bloody Sunday,U2,U2 - Sunday Bloody Sunday,AMP | 2022-04-27 | Rock + Alt,
0.5910700622,Rock + Alt,2022-04-27,24,The Last Song,Foo Fighters,Foo Fighters - The Last Song,AMP | 2022-04-27 | Rock + Alt,
0.8445504523,Rock + Alt,2022-04-27,15,Talk Shows On Mute,Incubus,Incubus - Talk Shows On Mute,AMP | 2022-04-27 | Rock + Alt,
0.7315930179,Rock + Alt,2022-04-27,6,Abuse Me,Silverchair,Silverchair - Abuse Me,AMP | 2022-04-27 | Rock + Alt,
0.8546046275,Rock + Alt,2022-04-27,8,Message of Love,Pretenders,Pretenders - Message of Love,AMP | 2022-04-27 | Rock + Alt,
0.7326811768,Rock + Alt,2022-04-27,21,Juicebox,The Strokes,The Strokes - Juicebox,AMP | 2022-04-27 | Rock + Alt,
0.2625853481,Rock + Alt,2022-04-27,9,I Write Sins Not Tragedies,Panic! At The Disco,Panic! At The Disco - I Write Sins Not Tragedies,AMP | 2022-04-27 | Rock + Alt,
0.03945666056,Rock + Alt,2022-04-27,10,Pork and Beans,Weezer,Weezer - Pork and Beans,AMP | 2022-04-27 | Rock + Alt,
0.006827142458,Rock + Alt,2022-04-27,7,The Pretender,Foo Fighters,Foo Fighters - The Pretender,AMP | 2022-04-27 | Rock + Alt,
0.3751337168,Rock + Alt,2022-04-27,11,Spiderwebs,No Doubt,No Doubt - Spiderwebs,AMP | 2022-04-27 | Rock + Alt,
0.1248504645,Rock + Alt,2022-04-27,17,Here In Your Bedroom,Goldfinger,Goldfinger - Here In Your Bedroom,AMP | 2022-04-27 | Rock + Alt,
0.5264108814,Rock + Alt,2022-04-27,22,Parklife,Blur,Blur - Parklife,AMP | 2022-04-27 | Rock + Alt,
0.7201079044,Rock + Alt,2022-04-27,20,Seven Nation Army,The White Stripes,The White Stripes - Seven Nation Army,AMP | 2022-04-27 | Rock + Alt,
0.8525882037,Rocking all decades,2022-05-02,11,Drive,Incubus,Incubus - Drive,AMP | 2022-05-02 | Rocking all decades,
0.4995416745,Rocking all decades,2022-05-02,25,Peter Gabriel,Solsbury Hill,Solsbury Hill - Peter Gabriel,AMP | 2022-05-02 | Rocking all decades,
0.601148511,Rocking all decades,2022-05-02,14,Novocaine For The Soul,Eels,Eels - Novocaine For The Soul,AMP | 2022-05-02 | Rocking all decades,
0.8816935891,Rocking all decades,2022-05-02,22,Mess Around,Cage the Elephant,Cage the Elephant - Mess Around,AMP | 2022-05-02 | Rocking all decades,
0.8391387395,Rocking all decades,2022-05-02,4,Sign Of The Gypsy Queen,April Wine,April Wine - Sign Of The Gypsy Queen,AMP | 2022-05-02 | Rocking all decades,
0.05566624279,Rocking all decades,2022-05-02,18,I Could Be Good for You,707,707 - I Could Be Good for You,AMP | 2022-05-02 | Rocking all decades,
0.9967943506,Rocking all decades,2022-05-02,1,Lay It one the Line,Triumph,Triumph - Lay It one the Line,AMP | 2022-05-02 | Rocking all decades,
0.01161892705,Rocking all decades,2022-05-02,9,Amnesia,The Tubes,The Tubes - Amnesia,AMP | 2022-05-02 | Rocking all decades,
0.6450062092,Rocking all decades,2022-05-02,24,Pumped Up Kicks,Foster The People,Foster The People - Pumped Up Kicks,AMP | 2022-05-02 | Rocking all decades,
0.6052946526,Rocking all decades,2022-05-02,10,Day After Day,Badfinger,Badfinger - Day After Day,AMP | 2022-05-02 | Rocking all decades,
0.5595991941,Rocking all decades,2022-05-02,16,Burn Baby Burn,Ash,Ash - Burn Baby Burn,AMP | 2022-05-02 | Rocking all decades,
0.3195426117,Rocking all decades,2022-05-02,7,Life in the Fast Lane,Eagles,Eagles - Life in the Fast Lane,AMP | 2022-05-02 | Rocking all decades,
0.3717640283,Rocking all decades,2022-05-02,17,Head Over Heels,Tears For Fears,Tears For Fears - Head Over Heels,AMP | 2022-05-02 | Rocking all decades,
0.9677738627,Rocking all decades,2022-05-02,26,Enjoy the Silence,Depeche Mode,Depeche Mode - Enjoy the Silence,AMP | 2022-05-02 | Rocking all decades,
0.06477239073,Rocking all decades,2022-05-02,15,Hey Jealousy,Gin Blossoms,Gin Blossoms - Hey Jealousy,AMP | 2022-05-02 | Rocking all decades,
0.08624556856,Rocking all decades,2022-05-02,8,Movin’ Out,Billy Joel,Billy Joel - Movin’ Out,AMP | 2022-05-02 | Rocking all decades,
0.2923497937,Rocking all decades,2022-05-02,2,Smokin’,Boston,Boston - Smokin’,AMP | 2022-05-02 | Rocking all decades,
0.8881102676,Rocking all decades,2022-05-02,21,twenty one pilots,Stressed Out,Stressed Out - twenty one pilots,AMP | 2022-05-02 | Rocking all decades,
0.3944447134,Rocking all decades,2022-05-02,23,Fake Plastic Trees,Radiohead,Radiohead - Fake Plastic Trees,AMP | 2022-05-02 | Rocking all decades,
0.122018939,Rocking all decades,2022-05-02,20,What It Takes,Aerosmith,Aerosmith - What It Takes,AMP | 2022-05-02 | Rocking all decades,
0.1429048061,Rocking all decades,2022-05-02,13,Round Here,Counting Crows,Counting Crows - Round Here,AMP | 2022-05-02 | Rocking all decades,
0.9770820297,Rocking all decades,2022-05-02,6,Dreams,Van Halen,Van Halen - Dreams,AMP | 2022-05-02 | Rocking all decades,
0.6246667736,Rocking all decades,2022-05-02,19,Shining Light,Ash,Ash - Shining Light,AMP | 2022-05-02 | Rocking all decades,
0.805146565,Rocking all decades,2022-05-02,5,Got Put a Smile upon Your Face,Coldplay,Coldplay - Got Put a Smile upon Your Face,AMP | 2022-05-02 | Rocking all decades,
0.3660231615,Rocking all decades,2022-05-02,12,Don’t Look Back in Anger,Oasis,Oasis - Don’t Look Back in Anger,AMP | 2022-05-02 | Rocking all decades,
0.1572423446,Rocking all decades,2022-05-02,3,Wanted Dead of Alive,Bon Jovi,Bon Jovi - Wanted Dead of Alive,AMP | 2022-05-02 | Rocking all decades,
0.3115129041,Starting with Devo 3-play,2022-05-05,9,Just Another Day,Oingo Boingo,Oingo Boingo - Just Another Day,AMP | 2022-05-05 | Starting with Devo 3-play,
0.7359127634,Starting with Devo 3-play,2022-05-05,11,Doctor! Doctor!,The Thompson Twins,The Thompson Twins - Doctor! Doctor!,AMP | 2022-05-05 | Starting with Devo 3-play,
0.7287803004,Starting with Devo 3-play,2022-05-05,14,Rio,Duran Duran,Duran Duran - Rio,AMP | 2022-05-05 | Starting with Devo 3-play,
0.8968264226,Starting with Devo 3-play,2022-05-05,12,Enjoy the Silence,Depeche Mode,Depeche Mode - Enjoy the Silence,AMP | 2022-05-05 | Starting with Devo 3-play,
0.5407736951,Starting with Devo 3-play,2022-05-05,4,Tained Love,Soft Cell,Soft Cell - Tained Love,AMP | 2022-05-05 | Starting with Devo 3-play,
0.3550426181,Starting with Devo 3-play,2022-05-05,7,Only A Lad,Oingo Boingo,Oingo Boingo - Only A Lad,AMP | 2022-05-05 | Starting with Devo 3-play,
0.153950929,Starting with Devo 3-play,2022-05-05,10,Goody Two Shoes,Adam Ant,Adam Ant - Goody Two Shoes,AMP | 2022-05-05 | Starting with Devo 3-play,
0.5926767762,Starting with Devo 3-play,2022-05-05,13,Never Let Me Down Again,Depeche Mode,Depeche Mode - Never Let Me Down Again,AMP | 2022-05-05 | Starting with Devo 3-play,
0.1113853013,Starting with Devo 3-play,2022-05-05,6,Walking in L.A.,Missing Persons,Missing Persons - Walking in L.A.,AMP | 2022-05-05 | Starting with Devo 3-play,
0.9702092928,Starting with Devo 3-play,2022-05-05,8,Private Life,Oingo Boingo,Oingo Boingo - Private Life,AMP | 2022-05-05 | Starting with Devo 3-play,
0.04911430796,Starting with Devo 3-play,2022-05-05,5,Words,Missing Persons,Missing Persons - Words,AMP | 2022-05-05 | Starting with Devo 3-play,
0.8236529753,Starting with Devo 3-play,2022-05-05,1,Whip It,Devo,Devo - Whip It,AMP | 2022-05-05 | Starting with Devo 3-play,
0.55965715,Starting with Devo 3-play,2022-05-05,3,Beautiful World,Devo,Devo - Beautiful World,AMP | 2022-05-05 | Starting with Devo 3-play,
0.5102184313,Starting with Devo 3-play,2022-05-05,2,Uncontrollable Urge,Devo,Devo - Uncontrollable Urge,AMP | 2022-05-05 | Starting with Devo 3-play,
0.8958849284,From the Starbucks,2022-05-06,4,Surrender,Cheap Trick,Cheap Trick - Surrender,AMP | 2022-05-06 | From the Starbucks,
0.8375931234,From the Starbucks,2022-05-06,6,Centerfold,The J. Geils Band,The J. Geils Band - Centerfold,AMP | 2022-05-06 | From the Starbucks,
0.5995237181,From the Starbucks,2022-05-06,2,Good Day Sunshine,The Beatles,The Beatles - Good Day Sunshine,AMP | 2022-05-06 | From the Starbucks,
0.9837072313,From the Starbucks,2022-05-06,1,Beautiful Day,U2,U2 - Beautiful Day,AMP | 2022-05-06 | From the Starbucks,
0.3702947201,From the Starbucks,2022-05-06,7,Back In The High Life Again,Steve Winwood,Steve Winwood - Back In The High Life Again,AMP | 2022-05-06 | From the Starbucks,
0.5577468142,From the Starbucks,2022-05-06,5,Lyin’ Eyes,Eagles,Eagles - Lyin’ Eyes,AMP | 2022-05-06 | From the Starbucks,
0.9534605378,From the Starbucks,2022-05-06,3,You Might Think,The Cars,The Cars - You Might Think,AMP | 2022-05-06 | From the Starbucks,
0.05767168606,Saturday Play,2022-05-07,1,Starman,David Bowie,David Bowie - Starman,AMP | 2022-05-07 | Saturday Play,
0.8053929992,Saturday Play,2022-05-07,4,Loving The Alien,David Bowie,David Bowie - Loving The Alien,AMP | 2022-05-07 | Saturday Play,
0.5986997347,Saturday Play,2022-05-07,3,These Days,Foo Fighters,Foo Fighters - These Days,AMP | 2022-05-07 | Saturday Play,
0.479368193,Saturday Play,2022-05-07,2,I Still Haven’t Found What I’m Looking For,U2,U2 - I Still Haven’t Found What I’m Looking For,AMP | 2022-05-07 | Saturday Play,
0.3908622997,Ad Hoc Rock,2022-05-09,22,Fluorescent Adolescent,Arctic Monkeys,Arctic Monkeys - Fluorescent Adolescent,AMP | 2022-05-09 | Ad Hoc Rock,
0.3784183083,Ad Hoc Rock,2022-05-09,14,Low,Cracker,Cracker - Low,AMP | 2022-05-09 | Ad Hoc Rock,
0.2671627102,Ad Hoc Rock,2022-05-09,23,The Dark Of The Matinee,Franz Ferdinand,Franz Ferdinand - The Dark Of The Matinee,AMP | 2022-05-09 | Ad Hoc Rock,
0.9606423949,Ad Hoc Rock,2022-05-09,2,Father of Mine,Everclear,Everclear - Father of Mine,AMP | 2022-05-09 | Ad Hoc Rock,
0.3580652104,Ad Hoc Rock,2022-05-09,27,Uma Thurman,Fall Out Boy,Fall Out Boy - Uma Thurman,AMP | 2022-05-09 | Ad Hoc Rock,
0.00743636267,Ad Hoc Rock,2022-05-09,28,The Pretender,Foo Fighters,Foo Fighters - The Pretender,AMP | 2022-05-09 | Ad Hoc Rock,
0.2895986861,Ad Hoc Rock,2022-05-09,4,Walk On the Ocean,Toad The Wet Sprocket,Toad The Wet Sprocket - Walk On the Ocean,AMP | 2022-05-09 | Ad Hoc Rock,
0.919812257,Ad Hoc Rock,2022-05-09,12,Round Here,Counting Crows,Counting Crows - Round Here,AMP | 2022-05-09 | Ad Hoc Rock,
0.5835120963,Ad Hoc Rock,2022-05-09,9,Hey Jealousy,Gin Blossoms,Gin Blossoms - Hey Jealousy,AMP | 2022-05-09 | Ad Hoc Rock,
0.5761269263,Ad Hoc Rock,2022-05-09,8,Somebody To Shove,Soul Asylum,Soul Asylum - Somebody To Shove,AMP | 2022-05-09 | Ad Hoc Rock,
0.05651341282,Ad Hoc Rock,2022-05-09,10,Champagne Supernova,Oasis,Oasis - Champagne Supernova,AMP | 2022-05-09 | Ad Hoc Rock,
0.3405427938,Ad Hoc Rock,2022-05-09,24,Ride,Twenty One Pilots,Twenty One Pilots - Ride,AMP | 2022-05-09 | Ad Hoc Rock,
0.2651386814,Ad Hoc Rock,2022-05-09,16,The Unforgettable Fire,U2,U2 - The Unforgettable Fire,AMP | 2022-05-09 | Ad Hoc Rock,
0.7704412962,Ad Hoc Rock,2022-05-09,7,In the Meantime,Spacehog,Spacehog - In the Meantime,AMP | 2022-05-09 | Ad Hoc Rock,
0.5023366037,Ad Hoc Rock,2022-05-09,3,Possum Kingdom,Toadies,Toadies - Possum Kingdom,AMP | 2022-05-09 | Ad Hoc Rock,
0.238462012,Ad Hoc Rock,2022-05-09,5,Machinehead,Bush,Bush - Machinehead,AMP | 2022-05-09 | Ad Hoc Rock,
0.6161386686,Ad Hoc Rock,2022-05-09,6,Sour Girl,Stone Temple Pilots,Stone Temple Pilots - Sour Girl,AMP | 2022-05-09 | Ad Hoc Rock,
0.507141661,Ad Hoc Rock,2022-05-09,11,One Headlight,The Wallflowers,The Wallflowers - One Headlight,AMP | 2022-05-09 | Ad Hoc Rock,
0.3501722407,Ad Hoc Rock,2022-05-09,15,Precious Declaration,Collective Soul,Collective Soul - Precious Declaration,AMP | 2022-05-09 | Ad Hoc Rock,
0.6081866107,Ad Hoc Rock,2022-05-09,18,Inside Out,Eve 6,Eve 6 - Inside Out,AMP | 2022-05-09 | Ad Hoc Rock,
0.876235942,Ad Hoc Rock,2022-05-09,20,I Predict a Riot,Kaiser Chiefs,Kaiser Chiefs - I Predict a Riot,AMP | 2022-05-09 | Ad Hoc Rock,
0.6617721262,Ad Hoc Rock,2022-05-09,19,Birdhouse In Your Soul,They Might Be Giants,They Might Be Giants - Birdhouse In Your Soul,AMP | 2022-05-09 | Ad Hoc Rock,
0.3422980812,Ad Hoc Rock,2022-05-09,1,Today,The Smashing Pumpkins,The Smashing Pumpkins - Today,AMP | 2022-05-09 | Ad Hoc Rock,
0.3920850048,Ad Hoc Rock,2022-05-09,17,Good,Better Than Ezra,Better Than Ezra - Good,AMP | 2022-05-09 | Ad Hoc Rock,
0.2523247779,Ad Hoc Rock,2022-05-09,13,Heaven Beside You,Alice In Chains,Alice In Chains - Heaven Beside You,AMP | 2022-05-09 | Ad Hoc Rock,
0.5624008268,Ad Hoc Rock,2022-05-09,25,Trouble,Cage The Elephant,Cage The Elephant - Trouble,AMP | 2022-05-09 | Ad Hoc Rock,
0.2501461233,Ad Hoc Rock,2022-05-09,21,Slow Hands,Interpol,Interpol - Slow Hands,AMP | 2022-05-09 | Ad Hoc Rock,
0.7657296584,Ad Hoc Rock,2022-05-09,26,High Hopes,Panic! At The Disco,Panic! At The Disco - High Hopes,AMP | 2022-05-09 | Ad Hoc Rock,
0.836604386,Rappish,2022-05-10,6,Children of the Korn,Korn,Korn - Children of the Korn,AMP | 2022-05-10 | Rappish,
0.505510937,Rappish,2022-05-10,2,Come Original,311,311 - Come Original,AMP | 2022-05-10 | Rappish,
0.9115972853,Rappish,2022-05-10,1,Epic,Faith No More,Faith No More - Epic,AMP | 2022-05-10 | Rappish,
0.2156554272,Rappish,2022-05-10,16,Word Up!,Korn,Korn - Word Up!,AMP | 2022-05-10 | Rappish,
0.02006035231,Rappish,2022-05-10,9,Sabotage,Beastie Boys,Beastie Boys - Sabotage,AMP | 2022-05-10 | Rappish,
0.3717081937,Rappish,2022-05-10,8,Ride,Twenty One Pilots,Twenty One Pilots - Ride,AMP | 2022-05-10 | Rappish,
0.278775088,Rappish,2022-05-10,12,The Neden Game,Insane Clown Posse,Insane Clown Posse - The Neden Game,AMP | 2022-05-10 | Rappish,
0.5969543986,Rappish,2022-05-10,5,My Way,Limp Bizkit,Limp Bizkit - My Way,AMP | 2022-05-10 | Rappish,
0.1701225582,Rappish,2022-05-10,3,Colors,Ice-T,Ice-T - Colors,AMP | 2022-05-10 | Rappish,
0.2714508724,Rappish,2022-05-10,10,Insane In The Brain,Cypress Hill,Cypress Hill - Insane In The Brain,AMP | 2022-05-10 | Rappish,
0.4761245871,Rappish,2022-05-10,7,Express Yourself,NWA,NWA - Express Yourself,AMP | 2022-05-10 | Rappish,
0.6014016945,Rappish,2022-05-10,14,Down,311,311 - Down,AMP | 2022-05-10 | Rappish,
0.3735552977,Rappish,2022-05-10,4,The Real Slim Shady,Eminem,Eminem - The Real Slim Shady,AMP | 2022-05-10 | Rappish,
0.034797874,Rappish,2022-05-10,11,Lose Yourself,Eminem,Eminem - Lose Yourself,AMP | 2022-05-10 | Rappish,
0.1664148732,Rappish,2022-05-10,13,Falling to Pieces,Faith No More,Faith No More - Falling to Pieces,AMP | 2022-05-10 | Rappish,
0.8412210315,Rappish,2022-05-10,17,Toxicity,System Of A Down,System Of A Down - Toxicity,AMP | 2022-05-10 | Rappish,
0.859112179,Rappish,2022-05-10,15,One Step Closer,Linkin Park,Linkin Park - One Step Closer,AMP | 2022-05-10 | Rappish,
0.2742090907,Ad Hoc A sides and B sides,2022-05-11,1,More Than A Feeling,Boston,Boston - More Than A Feeling,AMP | 2022-05-11 | Ad Hoc A sides and B sides,
0.1014040904,Ad Hoc A sides and B sides,2022-05-11,5,Baba O’Riley,The Who,The Who - Baba O’Riley,AMP | 2022-05-11 | Ad Hoc A sides and B sides,
0.05926265368,Ad Hoc A sides and B sides,2022-05-11,6,My Wife,The Who,The Who - My Wife,AMP | 2022-05-11 | Ad Hoc A sides and B sides,
0.3092148408,Ad Hoc A sides and B sides,2022-05-11,11,Panama,Van Halen,Van Halen - Panama,AMP | 2022-05-11 | Ad Hoc A sides and B sides,
0.6957218322,Ad Hoc A sides and B sides,2022-05-11,7,Ramble On,Led Zeppelin,Led Zeppelin - Ramble On,AMP | 2022-05-11 | Ad Hoc A sides and B sides,
0.5942586226,Ad Hoc A sides and B sides,2022-05-11,2,Feelin’ Satisfied,Boston,Boston - Feelin’ Satisfied,AMP | 2022-05-11 | Ad Hoc A sides and B sides,
0.8132804589,Ad Hoc A sides and B sides,2022-05-11,16,Piggies,The Beatles,The Beatles - Piggies,AMP | 2022-05-11 | Ad Hoc A sides and B sides,
0.6458909099,Ad Hoc A sides and B sides,2022-05-11,3,Surrender,Cheap Trick,Cheap Trick - Surrender,AMP | 2022-05-11 | Ad Hoc A sides and B sides,
0.3113654974,Ad Hoc A sides and B sides,2022-05-11,4,This House Is Rockin’,Cheap Trick,Cheap Trick - This House Is Rockin’,AMP | 2022-05-11 | Ad Hoc A sides and B sides,
0.7924185262,Ad Hoc A sides and B sides,2022-05-11,9,You Might Think,The Cars,The Cars - You Might Think,AMP | 2022-05-11 | Ad Hoc A sides and B sides,
0.3501589326,Ad Hoc A sides and B sides,2022-05-11,14,Don’t Say No,Billy Squier,Billy Squier - Don’t Say No,AMP | 2022-05-11 | Ad Hoc A sides and B sides,
0.03343376028,Ad Hoc A sides and B sides,2022-05-11,8,"Hey, Hey, What Can I Do",Led Zeppelin,"Led Zeppelin - Hey, Hey, What Can I Do",AMP | 2022-05-11 | Ad Hoc A sides and B sides,
0.2144664501,Ad Hoc A sides and B sides,2022-05-11,12,Sinner’s Swing,Van Halen,Van Halen - Sinner’s Swing,AMP | 2022-05-11 | Ad Hoc A sides and B sides,
0.05245394699,Ad Hoc A sides and B sides,2022-05-11,13,Loney Is The Night,Billy Squier,Billy Squier - Loney Is The Night,AMP | 2022-05-11 | Ad Hoc A sides and B sides,
0.2853553287,Ad Hoc A sides and B sides,2022-05-11,10,All Mixed Up,The Cars,The Cars - All Mixed Up,AMP | 2022-05-11 | Ad Hoc A sides and B sides,
0.7787221224,Ad Hoc A sides and B sides,2022-05-11,15,Come Together,The Beatles,The Beatles - Come Together,AMP | 2022-05-11 | Ad Hoc A sides and B sides,
0.6195335767,Punk & New Wave A and B sides,2022-05-11,2,Minority,Green Day,Green Day - Minority,AMP | 2022-05-11 | Punk & New Wave A and B sides,
0.4225576626,Punk & New Wave A and B sides,2022-05-11,4,Trip at the Brain,Suicidal Tendencies,Suicidal Tendencies - Trip at the Brain,AMP | 2022-05-11 | Punk & New Wave A and B sides,
0.1334852241,Punk & New Wave A and B sides,2022-05-11,9,What’s My Age Again,blink-182,blink-182 - What’s My Age Again,AMP | 2022-05-11 | Punk & New Wave A and B sides,
0.5298657335,Punk & New Wave A and B sides,2022-05-11,5,The Kids Aren’t Alright,The Offspring,The Offspring - The Kids Aren’t Alright,AMP | 2022-05-11 | Punk & New Wave A and B sides,
0.9397042995,Punk & New Wave A and B sides,2022-05-11,3,Institutionalized,Suicidal Tendencies,Suicidal Tendencies - Institutionalized,AMP | 2022-05-11 | Punk & New Wave A and B sides,
0.2236717197,Punk & New Wave A and B sides,2022-05-11,11,Movies,Alien Ant Farm,Alien Ant Farm - Movies,AMP | 2022-05-11 | Punk & New Wave A and B sides,
0.6978953679,Punk & New Wave A and B sides,2022-05-11,1,Basket Case,Green Day,Green Day - Basket Case,AMP | 2022-05-11 | Punk & New Wave A and B sides,
0.67481786,Punk & New Wave A and B sides,2022-05-11,6,Hammerhead,The Offspring,The Offspring - Hammerhead,AMP | 2022-05-11 | Punk & New Wave A and B sides,
0.7772698116,Punk & New Wave A and B sides,2022-05-11,8,The Passenger,Iggy Pop,Iggy Pop - The Passenger,AMP | 2022-05-11 | Punk & New Wave A and B sides,
0.9868464694,Punk & New Wave A and B sides,2022-05-11,10,Aliens Exist,blink-182,blink-182 - Aliens Exist,AMP | 2022-05-11 | Punk & New Wave A and B sides,
0.8202301581,Punk & New Wave A and B sides,2022-05-11,12,Wish,Alien Ant Farm,Alien Ant Farm - Wish,AMP | 2022-05-11 | Punk & New Wave A and B sides,
0.1238240118,Punk & New Wave A and B sides,2022-05-11,7,Candy,Iggy Pop,Iggy Pop - Candy,AMP | 2022-05-11 | Punk & New Wave A and B sides,
0.8365875312,Ad Hoc Rock - Down Under,2022-05-12,4,Dirty Creature,Split Enz,Split Enz - Dirty Creature,AMP | 2022-05-12 | Ad Hoc Rock - Down Under,
0.5522827787,Ad Hoc Rock - Down Under,2022-05-12,4,Don’t Dream It’s Over,Crowded House,Crowded House - Don’t Dream It’s Over,AMP | 2022-05-12 | Ad Hoc Rock - Down Under,
0.01541335225,Ad Hoc Rock - Down Under,2022-05-12,7,Blue Sky Mine,Midnight Oil,Midnight Oil - Blue Sky Mine,AMP | 2022-05-12 | Ad Hoc Rock - Down Under,
0.7230512188,Ad Hoc Rock - Down Under,2022-05-12,1,Tomorrow,Silverchair,Silverchair - Tomorrow,AMP | 2022-05-12 | Ad Hoc Rock - Down Under,
0.9337274694,Ad Hoc Rock - Down Under,2022-05-12,12,It’s A Mistake,Men At Work,Men At Work - It’s A Mistake,AMP | 2022-05-12 | Ad Hoc Rock - Down Under,
0.9646093393,Ad Hoc Rock - Down Under,2022-05-12,3,Something So Strong,Crowded House,Crowded House - Something So Strong,AMP | 2022-05-12 | Ad Hoc Rock - Down Under,
0.07312996627,Ad Hoc Rock - Down Under,2022-05-12,9,The One Thing,INXS,INXS - The One Thing,AMP | 2022-05-12 | Ad Hoc Rock - Down Under,
0.391469644,Ad Hoc Rock - Down Under,2022-05-12,2,Need You Tonight,INXS,INXS - Need You Tonight,AMP | 2022-05-12 | Ad Hoc Rock - Down Under,
0.4734888304,Ad Hoc Rock - Down Under,2022-05-12,5,You Shook Me All Night Long,AC/DC,AC/DC - You Shook Me All Night Long,AMP | 2022-05-12 | Ad Hoc Rock - Down Under,
0.9092986552,Ad Hoc Rock - Down Under,2022-05-12,1,Down Under,Men At Work,Men At Work - Down Under,AMP | 2022-05-12 | Ad Hoc Rock - Down Under,
0.7938077628,Ad Hoc Rock - Down Under,2022-05-12,8,One Step Ahead,Split Enz,Split Enz - One Step Ahead,AMP | 2022-05-12 | Ad Hoc Rock - Down Under,
0.6990346268,Ad Hoc Rock - Down Under,2022-05-12,14,Have You Ever Been Mellow,Olivia Newton John,Olivia Newton John - Have You Ever Been Mellow,AMP | 2022-05-12 | Ad Hoc Rock - Down Under,
0.9919614443,Ad Hoc Rock - Down Under,2022-05-12,2,Truganini,Midnight Oil,Midnight Oil - Truganini,AMP | 2022-05-12 | Ad Hoc Rock - Down Under,
0.8267266457,Ad Hoc Rock - Down Under,2022-05-12,10,Israel’s Son,Silverchair,Silverchair - Israel’s Son,AMP | 2022-05-12 | Ad Hoc Rock - Down Under,
0.6452617205,Ad Hoc Rock - Down Under,2022-05-12,3,I Got You,Split Enz,Split Enz - I Got You,AMP | 2022-05-12 | Ad Hoc Rock - Down Under,
0.01144367983,Ad Hoc Rock - Down Under,2022-05-12,13,Under the Milky Way,The Church,The Church - Under the Milky Way,AMP | 2022-05-12 | Ad Hoc Rock - Down Under,
0.6215965955,Ad Hoc Rock - Down Under,2022-05-12,11,Ride,The Vines,The Vines - Ride,AMP | 2022-05-12 | Ad Hoc Rock - Down Under,
0.5132329591,Ad Hoc Rock - Down Under,2022-05-12,6,Have a Drink on Me,AC/DC,AC/DC - Have a Drink on Me,AMP | 2022-05-12 | Ad Hoc Rock - Down Under,
0.2755785901,Ad Hoc Rock - Down Under,2022-05-12,5,Big Balls,AC/DC,AC/DC - Big Balls,AMP | 2022-05-12 | Ad Hoc Rock - Down Under,
0.5152198958,Ad Hoc Long Rock,2022-05-13,10,Under a Raging Moon,Roger Daltrey,Roger Daltrey - Under a Raging Moon,AMP | 2022-05-13 | Ad Hoc Long Rock,
0.6257901487,Ad Hoc Long Rock,2022-05-13,11,Voyager,Gamma,Gamma - Voyager,AMP | 2022-05-13 | Ad Hoc Long Rock,
0.9726397365,Ad Hoc Long Rock,2022-05-13,14,Heaven and Hell,Black Sabbath,Black Sabbath - Heaven and Hell,AMP | 2022-05-13 | Ad Hoc Long Rock,
0.4984832957,Ad Hoc Long Rock,2022-05-13,18,Am I Ever Gonna Change,Extreme,Extreme - Am I Ever Gonna Change,AMP | 2022-05-13 | Ad Hoc Long Rock,
0.4065992793,Ad Hoc Long Rock,2022-05-13,12,Estranged,Guns N’ Roses,Guns N’ Roses - Estranged,AMP | 2022-05-13 | Ad Hoc Long Rock,
0.4712702216,Ad Hoc Long Rock,2022-05-13,5,Anybody Listening,Queensryche,Queensryche - Anybody Listening,AMP | 2022-05-13 | Ad Hoc Long Rock,
0.5170391579,Ad Hoc Long Rock,2022-05-13,17,Midnight Moonlight,The Firm,The Firm - Midnight Moonlight,AMP | 2022-05-13 | Ad Hoc Long Rock,
0.5793425385,Ad Hoc Long Rock,2022-05-13,13,Pull Me Under,Dream Theater,Dream Theater - Pull Me Under,AMP | 2022-05-13 | Ad Hoc Long Rock,
0.2786765961,Ad Hoc Long Rock,2022-05-13,4,Funeral For A Friend,Elton John,Elton John - Funeral For A Friend,AMP | 2022-05-13 | Ad Hoc Long Rock,
0.2591208406,Ad Hoc Long Rock,2022-05-13,8,South Side of the Sky,Yes,Yes - South Side of the Sky,AMP | 2022-05-13 | Ad Hoc Long Rock,
0.6322607258,Ad Hoc Long Rock,2022-05-13,16,The Prophet’s Song,Queen,Queen - The Prophet’s Song,AMP | 2022-05-13 | Ad Hoc Long Rock,
0.3931252636,Ad Hoc Long Rock,2022-05-13,1,November Rain,Guns N’ Roses,Guns N’ Roses - November Rain,AMP | 2022-05-13 | Ad Hoc Long Rock,
0.2734903772,Ad Hoc Long Rock,2022-05-13,9,Who’s Behind the Door,Zebra,Zebra - Who’s Behind the Door,AMP | 2022-05-13 | Ad Hoc Long Rock,
0.719061885,Ad Hoc Long Rock,2022-05-13,6,Firth of Fifth,Genesis,Genesis - Firth of Fifth,AMP | 2022-05-13 | Ad Hoc Long Rock,
0.921281493,Ad Hoc Long Rock,2022-05-13,3,Foreplay/Long Time,Boston,Boston - Foreplay/Long Time,AMP | 2022-05-13 | Ad Hoc Long Rock,
0.3000535745,Ad Hoc Long Rock,2022-05-13,15,Carouselambra,Led Zeppelin,Led Zeppelin - Carouselambra,AMP | 2022-05-13 | Ad Hoc Long Rock,
0.8792048863,Ad Hoc Long Rock,2022-05-13,2,Kashmir,Led Zeppelin,Led Zeppelin - Kashmir,AMP | 2022-05-13 | Ad Hoc Long Rock,
0.3866445354,Ad Hoc Long Rock,2022-05-13,7,Natural Science,Rush,Rush - Natural Science,AMP | 2022-05-13 | Ad Hoc Long Rock,
0.5179435038,Southern Style,2022-05-13,2,Honky Cat,Elton John,Elton John - Honky Cat,AMP | 2022-05-13 | Southern Style,
0.3903418033,Southern Style,2022-05-13,4,Sing Along,Sturgill Simpson,Sturgill Simpson - Sing Along,AMP | 2022-05-13 | Southern Style,
0.3472727622,Southern Style,2022-05-13,7,Country Comfort,Elton John,Elton John - Country Comfort,AMP | 2022-05-13 | Southern Style,
0.02931118072,Southern Style,2022-05-13,5,Wild Eyed Southern Boys,38 Special,38 Special - Wild Eyed Southern Boys,AMP | 2022-05-13 | Southern Style,
0.7236948815,Southern Style,2022-05-13,8,Drink In My Hand,Eric Church,Eric Church - Drink In My Hand,AMP | 2022-05-13 | Southern Style,
0.08633552805,Southern Style,2022-05-13,6,Lyin’ Eyes,Eagles,Eagles - Lyin’ Eyes,AMP | 2022-05-13 | Southern Style,
0.5804390871,Southern Style,2022-05-13,3,Whipping Post,The Allman Brothers Band,The Allman Brothers Band - Whipping Post,AMP | 2022-05-13 | Southern Style,
0.8648067603,Southern Style,2022-05-13,1,Lonely Boy,Black Keys,Black Keys - Lonely Boy,AMP | 2022-05-13 | Southern Style,
0.2616717071,Ad Hoc No Agenda,2022-05-16,4,Right Now,Van Halen,Van Halen - Right Now,AMP | 2022-05-16 | Ad Hoc No Agenda,
0.9585264064,Ad Hoc No Agenda,2022-05-16,5,What’s The Frequency Kenneth?,R.E.M.,R.E.M. - What’s The Frequency Kenneth?,AMP | 2022-05-16 | Ad Hoc No Agenda,
0.9996741365,Ad Hoc No Agenda,2022-05-16,1,Dreams,Van Halen,Van Halen - Dreams,AMP | 2022-05-16 | Ad Hoc No Agenda,
0.624218702,Ad Hoc No Agenda,2022-05-16,2,Livin’ On A Prayer,Bon Jovi,Bon Jovi - Livin’ On A Prayer,AMP | 2022-05-16 | Ad Hoc No Agenda,
0.4652903303,Ad Hoc No Agenda,2022-05-16,7,Wanted Dead Or Alive,Bon Jovi,Bon Jovi - Wanted Dead Or Alive,AMP | 2022-05-16 | Ad Hoc No Agenda,
0.01133260865,Ad Hoc No Agenda,2022-05-16,11,Uncle Tom’s Cabin,Warrant,Warrant - Uncle Tom’s Cabin,AMP | 2022-05-16 | Ad Hoc No Agenda,
0.3365982014,Ad Hoc No Agenda,2022-05-16,9,Poundcake,Van Halen,Van Halen - Poundcake,AMP | 2022-05-16 | Ad Hoc No Agenda,
0.05196057927,Ad Hoc No Agenda,2022-05-16,10,Good Times Bad Times,Led Zeppelin,Led Zeppelin - Good Times Bad Times,AMP | 2022-05-16 | Ad Hoc No Agenda,
0.9226205115,Ad Hoc No Agenda,2022-05-16,6,Freewill,Rush,Rush - Freewill,AMP | 2022-05-16 | Ad Hoc No Agenda,
0.6251988756,Ad Hoc No Agenda,2022-05-16,8,Home Sweet Home,Motley Crue,Motley Crue - Home Sweet Home,AMP | 2022-05-16 | Ad Hoc No Agenda,
0.5176892028,Ad Hoc No Agenda,2022-05-16,3,Hungry Life the Wolf,Duran Duran,Duran Duran - Hungry Life the Wolf,AMP | 2022-05-16 | Ad Hoc No Agenda,
0.006304833244,Ad Hoc Part Deux,2022-05-16,13,Lay It On The Line,Triumph,Triumph - Lay It On The Line,AMP | 2022-05-16 | Ad Hoc Part Deux,
0.5831619736,Ad Hoc Part Deux,2022-05-16,9,I Don’t Remember,Peter Gabriel,Peter Gabriel - I Don’t Remember,AMP | 2022-05-16 | Ad Hoc Part Deux,
0.8034842838,Ad Hoc Part Deux,2022-05-16,3,Turn It On Again,Genesis,Genesis - Turn It On Again,AMP | 2022-05-16 | Ad Hoc Part Deux,
0.8075396147,Ad Hoc Part Deux,2022-05-16,17,Going for the One,Yes,Yes - Going for the One,AMP | 2022-05-16 | Ad Hoc Part Deux,
0.9266077785,Ad Hoc Part Deux,2022-05-16,10,Home by the Sea,Genesis,Genesis - Home by the Sea,AMP | 2022-05-16 | Ad Hoc Part Deux,
0.1002480543,Ad Hoc Part Deux,2022-05-16,12,Entre Nous,Rush,Rush - Entre Nous,AMP | 2022-05-16 | Ad Hoc Part Deux,
0.3657696399,Ad Hoc Part Deux,2022-05-16,19,Something In The Air,Gamma,Gamma - Something In The Air,AMP | 2022-05-16 | Ad Hoc Part Deux,
0.1606561581,Ad Hoc Part Deux,2022-05-16,14,Closer,The Firm,The Firm - Closer,AMP | 2022-05-16 | Ad Hoc Part Deux,
0.06716016489,Ad Hoc Part Deux,2022-05-16,4,Digging In The Dirt,Peter Gabriel,Peter Gabriel - Digging In The Dirt,AMP | 2022-05-16 | Ad Hoc Part Deux,
0.2301520423,Ad Hoc Part Deux,2022-05-16,11,Second Home by the Sea,Genesis,Genesis - Second Home by the Sea,AMP | 2022-05-16 | Ad Hoc Part Deux,
0.2536307622,Ad Hoc Part Deux,2022-05-16,7,Take The Long Way Home,Supertramp,Supertramp - Take The Long Way Home,AMP | 2022-05-16 | Ad Hoc Part Deux,
0.2947724101,Ad Hoc Part Deux,2022-05-16,1,The Spirit Of Radio,Rush,Rush - The Spirit Of Radio,AMP | 2022-05-16 | Ad Hoc Part Deux,
0.5626349466,Ad Hoc Part Deux,2022-05-16,5,Roundabout,Yes,Yes - Roundabout,AMP | 2022-05-16 | Ad Hoc Part Deux,
0.4380729992,Ad Hoc Part Deux,2022-05-16,16,Games Without Frontiers,Peter Gabriel,Peter Gabriel - Games Without Frontiers,AMP | 2022-05-16 | Ad Hoc Part Deux,
0.1705878628,Ad Hoc Part Deux,2022-05-16,15,The Logical Song,Supertramp,Supertramp - The Logical Song,AMP | 2022-05-16 | Ad Hoc Part Deux,
0.3433706623,Ad Hoc Part Deux,2022-05-16,18,Ain’t Nobody But Me,Supertramp,Supertramp - Ain’t Nobody But Me,AMP | 2022-05-16 | Ad Hoc Part Deux,
0.08639352697,Ad Hoc Part Deux,2022-05-16,21,Sole Survivor,Asia,Asia - Sole Survivor,AMP | 2022-05-16 | Ad Hoc Part Deux,
0.4715299742,Ad Hoc Part Deux,2022-05-16,2,Owner of a Lonely Heart,Yes,Yes - Owner of a Lonely Heart,AMP | 2022-05-16 | Ad Hoc Part Deux,
0.3648552077,Ad Hoc Part Deux,2022-05-16,8,Heat Of The Moment,Asia,Asia - Heat Of The Moment,AMP | 2022-05-16 | Ad Hoc Part Deux,
0.0710862411,Ad Hoc Part Deux,2022-05-16,6,The Analog Kid,Rush,Rush - The Analog Kid,AMP | 2022-05-16 | Ad Hoc Part Deux,
0.5904501843,Ad Hoc Part Deux,2022-05-16,20,A World of Fantasy,Triumph,Triumph - A World of Fantasy,AMP | 2022-05-16 | Ad Hoc Part Deux,
0.5532942524,Ad Hoc Rock,2022-05-17,11,These Days,Alien Ant Farm,Alien Ant Farm - These Days,AMP | 2022-05-17 | Ad Hoc Rock,
0.4816794482,Ad Hoc Rock,2022-05-17,3,Anna Molly,Incubus,Incubus - Anna Molly,AMP | 2022-05-17 | Ad Hoc Rock,
0.5428938194,Ad Hoc Rock,2022-05-17,15,Shake Me Down,Cage The Elephant,Cage The Elephant - Shake Me Down,AMP | 2022-05-17 | Ad Hoc Rock,
0.374684131,Ad Hoc Rock,2022-05-17,8,Los Angeles,Frank Black,Frank Black - Los Angeles,AMP | 2022-05-17 | Ad Hoc Rock,
0.0188418917,Ad Hoc Rock,2022-05-17,12,Wiser Time,The Black Crowes,The Black Crowes - Wiser Time,AMP | 2022-05-17 | Ad Hoc Rock,
0.06146907007,Ad Hoc Rock,2022-05-17,9,Starlight,Muse,Muse - Starlight,AMP | 2022-05-17 | Ad Hoc Rock,
0.8264522194,Ad Hoc Rock,2022-05-17,14,Here In Your Bedroom,Goldfinger,Goldfinger - Here In Your Bedroom,AMP | 2022-05-17 | Ad Hoc Rock,
0.522927094,Ad Hoc Rock,2022-05-17,4,Down In A Hole,Alice In Chains,Alice In Chains - Down In A Hole,AMP | 2022-05-17 | Ad Hoc Rock,
0.6774092896,Ad Hoc Rock,2022-05-17,6,Year Zero,Ghost,Ghost - Year Zero,AMP | 2022-05-17 | Ad Hoc Rock,
0.4405812353,Ad Hoc Rock,2022-05-17,1,Times Like These,Foo Fighters,Foo Fighters - Times Like These,AMP | 2022-05-17 | Ad Hoc Rock,
0.776710097,Ad Hoc Rock,2022-05-17,2,Plush,Stone Temple Pilots,Stone Temple Pilots - Plush,AMP | 2022-05-17 | Ad Hoc Rock,
0.5648438987,Ad Hoc Rock,2022-05-17,13,Angels Of The Sliences,Counting Crows,Counting Crows - Angels Of The Sliences,AMP | 2022-05-17 | Ad Hoc Rock,
0.9110869016,Ad Hoc Rock,2022-05-17,7,Give The People What They Want,Kinks,Kinks - Give The People What They Want,AMP | 2022-05-17 | Ad Hoc Rock,
0.5235467981,Ad Hoc Rock,2022-05-17,5,Can’t Stop,Red Hot Chili Peppers,Red Hot Chili Peppers - Can’t Stop,AMP | 2022-05-17 | Ad Hoc Rock,
0.2028522001,Ad Hoc Rock,2022-05-17,10,Ride,The Vines,The Vines - Ride,AMP | 2022-05-17 | Ad Hoc Rock,
0.07506212056,The Andy Show,2022-05-17,3,Stop,Jane’s Addiction,Jane’s Addiction - Stop,AMP | 2022-05-17 | The Andy Show,
0.542987349,The Andy Show,2022-05-17,2,Mad World,Tears For Fears,Tears For Fears - Mad World,AMP | 2022-05-17 | The Andy Show,
0.1386776882,The Andy Show,2022-05-17,4,Nearly Lost You,Screaming Trees,Screaming Trees - Nearly Lost You,AMP | 2022-05-17 | The Andy Show,
0.7498917881,The Andy Show,2022-05-17,1,Today,The Smashing Pumpkins,The Smashing Pumpkins - Today,AMP | 2022-05-17 | The Andy Show,
0.8047963414,Ad Hoc Classic Rock,2022-05-18,10,(You Can Still) Rock In America,Night Ranger,Night Ranger - (You Can Still) Rock In America,AMP | 2022-05-18 | Ad Hoc Classic Rock,
0.8033760484,Ad Hoc Classic Rock,2022-05-18,19,On the Border,Eagles,Eagles - On the Border,AMP | 2022-05-18 | Ad Hoc Classic Rock,
0.4634159268,Ad Hoc Classic Rock,2022-05-18,13,Feels Like The First Time,Foreigner,Foreigner - Feels Like The First Time,AMP | 2022-05-18 | Ad Hoc Classic Rock,
0.6406921982,Ad Hoc Classic Rock,2022-05-18,9,Here I Go Again,Whitesnake,Whitesnake - Here I Go Again,AMP | 2022-05-18 | Ad Hoc Classic Rock,
0.8562514236,Ad Hoc Classic Rock,2022-05-18,16,Secret Separation,The Fixx,The Fixx - Secret Separation,AMP | 2022-05-18 | Ad Hoc Classic Rock,
0.3017534806,Ad Hoc Classic Rock,2022-05-18,4,Your Love Is Driving Me Crazy,Sammy Hagar,Sammy Hagar - Your Love Is Driving Me Crazy,AMP | 2022-05-18 | Ad Hoc Classic Rock,
0.3114461833,Ad Hoc Classic Rock,2022-05-18,20,Destroyer,The Kinks,The Kinks - Destroyer,AMP | 2022-05-18 | Ad Hoc Classic Rock,
0.01892582974,Ad Hoc Classic Rock,2022-05-18,18,Escape,Journey,Journey - Escape,AMP | 2022-05-18 | Ad Hoc Classic Rock,
0.3563781501,Ad Hoc Classic Rock,2022-05-18,5,It’s Easy,Boston,Boston - It’s Easy,AMP | 2022-05-18 | Ad Hoc Classic Rock,
0.773230682,Ad Hoc Classic Rock,2022-05-18,15,Talk To Ya Later,The Tubes,The Tubes - Talk To Ya Later,AMP | 2022-05-18 | Ad Hoc Classic Rock,
0.9105092747,Ad Hoc Classic Rock,2022-05-18,7,My Kinda Lover,Billy Squier,Billy Squier - My Kinda Lover,AMP | 2022-05-18 | Ad Hoc Classic Rock,
0.009456893374,Ad Hoc Classic Rock,2022-05-18,8,Bringin’ On The Heartbreak,Def Leppard,Def Leppard - Bringin’ On The Heartbreak,AMP | 2022-05-18 | Ad Hoc Classic Rock,
0.06409386751,Ad Hoc Classic Rock,2022-05-18,14,You Shook Me All Night Long,AC/DC,AC/DC - You Shook Me All Night Long,AMP | 2022-05-18 | Ad Hoc Classic Rock,
0.5091400573,Ad Hoc Classic Rock,2022-05-18,17,Reeling In The Years,Steely Dan,Steely Dan - Reeling In The Years,AMP | 2022-05-18 | Ad Hoc Classic Rock,
0.1680172844,Ad Hoc Classic Rock,2022-05-18,12,Summer Nights,Van Halen,Van Halen - Summer Nights,AMP | 2022-05-18 | Ad Hoc Classic Rock,
0.7698596354,Ad Hoc Classic Rock,2022-05-18,3,Back In The Saddle,Aerosmith,Aerosmith - Back In The Saddle,AMP | 2022-05-18 | Ad Hoc Classic Rock,
0.3538698524,Ad Hoc Classic Rock,2022-05-18,11,Fooling Yourself,Styx,Styx - Fooling Yourself,AMP | 2022-05-18 | Ad Hoc Classic Rock,
0.804676093,Ad Hoc Classic Rock,2022-05-18,2,Panama,Van Halen,Van Halen - Panama,AMP | 2022-05-18 | Ad Hoc Classic Rock,
0.3209848914,Ad Hoc Classic Rock,2022-05-18,6,Sign Of The Gypsy Queen,April Wine,April Wine - Sign Of The Gypsy Queen,AMP | 2022-05-18 | Ad Hoc Classic Rock,
0.7452608305,Ad Hoc Classic Rock,2022-05-18,1,Limelight,Rush,Rush - Limelight,AMP | 2022-05-18 | Ad Hoc Classic Rock,
0.05862580909,Long Rock,2022-05-18,3,Supper’s Ready,Genesis,Genesis - Supper’s Ready,AMP | 2022-05-18 | Long Rock,
0.4604616265,Long Rock,2022-05-18,4,Cygnus X-1 Book II: Hemispheres,Rush,Rush - Cygnus X-1 Book II: Hemispheres,AMP | 2022-05-18 | Long Rock,
0.2974562794,Long Rock,2022-05-18,2,Octavarium,Dream Theater,Dream Theater - Octavarium,AMP | 2022-05-18 | Long Rock,
0.05842201571,Long Rock,2022-05-18,1,Dogs,Pink Floyd,Pink Floyd - Dogs,AMP | 2022-05-18 | Long Rock,
0.7261615998,Ad Hoc Weezer,2022-05-19,7,In Too Deep,Sum 41,Sum 41 - In Too Deep,AMP | 2022-05-19 | Ad Hoc Weezer,
0.3602867964,Ad Hoc Weezer,2022-05-19,9,Cold Cold Cold,Cage The Elephant,Cage The Elephant - Cold Cold Cold,AMP | 2022-05-19 | Ad Hoc Weezer,
0.07852049954,Ad Hoc Weezer,2022-05-19,11,Pork And Beans,Weezer,Weezer - Pork And Beans,AMP | 2022-05-19 | Ad Hoc Weezer,
0.4679530109,Ad Hoc Weezer,2022-05-19,1,Undone - The Sweater Song,Weezer,Weezer - Undone - The Sweater Song,AMP | 2022-05-19 | Ad Hoc Weezer,
0.9458945758,Ad Hoc Weezer,2022-05-19,4,Welcome To The Black Parade,My Chemical Romance,My Chemical Romance - Welcome To The Black Parade,AMP | 2022-05-19 | Ad Hoc Weezer,
0.4138697882,Ad Hoc Weezer,2022-05-19,2,High Hopes,Panic! At The Disco,Panic! At The Disco - High Hopes,AMP | 2022-05-19 | Ad Hoc Weezer,
0.8431720478,Ad Hoc Weezer,2022-05-19,3,Centuries,Fall Out Boy,Fall Out Boy - Centuries,AMP | 2022-05-19 | Ad Hoc Weezer,
0.6097754042,Ad Hoc Weezer,2022-05-19,10,Nine in the Afternoon,Panic! At The Disco,Panic! At The Disco - Nine in the Afternoon,AMP | 2022-05-19 | Ad Hoc Weezer,
0.5364607024,Ad Hoc Weezer,2022-05-19,8,Somewhere I Belong,Linkin Park,Linkin Park - Somewhere I Belong,AMP | 2022-05-19 | Ad Hoc Weezer,
0.7013398015,Ad Hoc Weezer,2022-05-19,12,Teenagers,My Chemical Romance,My Chemical Romance - Teenagers,AMP | 2022-05-19 | Ad Hoc Weezer,
0.7026885251,Ad Hoc Weezer,2022-05-19,5,She’s Got Issues,The Offspring,The Offspring - She’s Got Issues,AMP | 2022-05-19 | Ad Hoc Weezer,
0.3004308474,Ad Hoc Weezer,2022-05-19,6,Seven Nation Army,The White Stripes,The White Stripes - Seven Nation Army,AMP | 2022-05-19 | Ad Hoc Weezer,
0.5497763364,Ad Hoc 2s and 3s,2022-05-20,16,I Alone,Live,Live - I Alone,AMP | 2022-05-20 | Ad Hoc 2s and 3s,
0.4852439428,Ad Hoc 2s and 3s,2022-05-20,1,Rikki Don’t Lose That Number,Steely Dan,Steely Dan - Rikki Don’t Lose That Number,AMP | 2022-05-20 | Ad Hoc 2s and 3s,
0.386859644,Ad Hoc 2s and 3s,2022-05-20,6,"Hold Me, Thrill Me, Kiss Me, Kill Me",U2,"U2 - Hold Me, Thrill Me, Kiss Me, Kill Me",AMP | 2022-05-20 | Ad Hoc 2s and 3s,
0.5255556504,Ad Hoc 2s and 3s,2022-05-20,12,So This Is Love?,Van Halen,Van Halen - So This Is Love?,AMP | 2022-05-20 | Ad Hoc 2s and 3s,
0.2434465342,Ad Hoc 2s and 3s,2022-05-20,19,Flowing,311,311 - Flowing,AMP | 2022-05-20 | Ad Hoc 2s and 3s,
0.8662320479,Ad Hoc 2s and 3s,2022-05-20,21,Greedy Fly,Bush,Bush - Greedy Fly,AMP | 2022-05-20 | Ad Hoc 2s and 3s,
0.3313178434,Ad Hoc 2s and 3s,2022-05-20,13,What It Takes,Aerosmith,Aerosmith - What It Takes,AMP | 2022-05-20 | Ad Hoc 2s and 3s,
0.3628199185,Ad Hoc 2s and 3s,2022-05-20,24,Days of the Week,Stone Temple Pilots,Stone Temple Pilots - Days of the Week,AMP | 2022-05-20 | Ad Hoc 2s and 3s,
0.40094501,Ad Hoc 2s and 3s,2022-05-20,5,The Unforgettable Fire,U2,U2 - The Unforgettable Fire,AMP | 2022-05-20 | Ad Hoc 2s and 3s,
0.2501742589,Ad Hoc 2s and 3s,2022-05-20,23,I Got You,Stone Temple Pilots,Stone Temple Pilots - I Got You,AMP | 2022-05-20 | Ad Hoc 2s and 3s,
0.2333828983,Ad Hoc 2s and 3s,2022-05-20,15,Rag Doll,Aerosmith,Aerosmith - Rag Doll,AMP | 2022-05-20 | Ad Hoc 2s and 3s,
0.4958557221,Ad Hoc 2s and 3s,2022-05-20,14,Sweet Emotion,Aerosmith,Aerosmith - Sweet Emotion,AMP | 2022-05-20 | Ad Hoc 2s and 3s,
0.6377798667,Ad Hoc 2s and 3s,2022-05-20,25,Fare Thee Well,Stone Temple Pilots,Stone Temple Pilots - Fare Thee Well,AMP | 2022-05-20 | Ad Hoc 2s and 3s,
0.4673181134,Ad Hoc 2s and 3s,2022-05-20,7,Trouble,Coldplay,Coldplay - Trouble,AMP | 2022-05-20 | Ad Hoc 2s and 3s,
0.2932486834,Ad Hoc 2s and 3s,2022-05-20,22,Swallowed,Bush,Bush - Swallowed,AMP | 2022-05-20 | Ad Hoc 2s and 3s,
0.1641756645,Ad Hoc 2s and 3s,2022-05-20,4,Home and Dry,Gerry Rafferty,Gerry Rafferty - Home and Dry,AMP | 2022-05-20 | Ad Hoc 2s and 3s,
0.6218982527,Ad Hoc 2s and 3s,2022-05-20,3,Right Down the Line,Gerry Rafferty,Gerry Rafferty - Right Down the Line,AMP | 2022-05-20 | Ad Hoc 2s and 3s,
0.3381934411,Ad Hoc 2s and 3s,2022-05-20,26,In The Fade,Queens Of The Stone Age,Queens Of The Stone Age - In The Fade,AMP | 2022-05-20 | Ad Hoc 2s and 3s,
0.03800309911,Ad Hoc 2s and 3s,2022-05-20,8,Speed of Sound,Coldplay,Coldplay - Speed of Sound,AMP | 2022-05-20 | Ad Hoc 2s and 3s,
0.3638094985,Ad Hoc 2s and 3s,2022-05-20,10,Summer Nights,Van Halen,Van Halen - Summer Nights,AMP | 2022-05-20 | Ad Hoc 2s and 3s,
0.4578721561,Ad Hoc 2s and 3s,2022-05-20,20,Don’t Tread On Me,311,311 - Don’t Tread On Me,AMP | 2022-05-20 | Ad Hoc 2s and 3s,
0.7163247995,Ad Hoc 2s and 3s,2022-05-20,18,Beautiful Disaster,311,311 - Beautiful Disaster,AMP | 2022-05-20 | Ad Hoc 2s and 3s,
0.8378867506,Ad Hoc 2s and 3s,2022-05-20,9,Country House,Blur,Blur - Country House,AMP | 2022-05-20 | Ad Hoc 2s and 3s,
0.8643633196,Ad Hoc 2s and 3s,2022-05-20,11,Best Of Both Worlds,Van Halen,Van Halen - Best Of Both Worlds,AMP | 2022-05-20 | Ad Hoc 2s and 3s,
0.8369467413,Ad Hoc 2s and 3s,2022-05-20,2,Josie,Steely Dan,Steely Dan - Josie,AMP | 2022-05-20 | Ad Hoc 2s and 3s,
0.5544130006,Ad Hoc 2s and 3s,2022-05-20,17,Lightning Crashes,Live,Live - Lightning Crashes,AMP | 2022-05-20 | Ad Hoc 2s and 3s,
0.967360169,My Running Show,2022-05-28,11,Goodbye Yellow Brick Road,Elton John,Elton John - Goodbye Yellow Brick Road,AMP | 2022-05-28 | My Running Show,
0.1404319137,My Running Show,2022-05-28,1,Runnin’ with the Devil,Van Halen,Van Halen - Runnin’ with the Devil,AMP | 2022-05-28 | My Running Show,
0.9388214328,My Running Show,2022-05-28,2,Born to Run,Bruce Springsteen,Bruce Springsteen - Born to Run,AMP | 2022-05-28 | My Running Show,
0.3384983949,My Running Show,2022-05-28,3,Running on Empty,Jackson Browne,Jackson Browne - Running on Empty,AMP | 2022-05-28 | My Running Show,
0.3379629753,My Running Show,2022-05-28,8,Walk Away,The James Gang,The James Gang - Walk Away,AMP | 2022-05-28 | My Running Show,
0.6287722614,My Running Show,2022-05-28,5,Nowhere to Run,Santana,Santana - Nowhere to Run,AMP | 2022-05-28 | My Running Show,
0.4860732488,My Running Show,2022-05-28,7,Run Like Hell,Pink Floyd,Pink Floyd - Run Like Hell,AMP | 2022-05-28 | My Running Show,
0.3137207203,My Running Show,2022-05-28,4,Running Away,Hoobastank,Hoobastank - Running Away,AMP | 2022-05-28 | My Running Show,
0.8356126614,My Running Show,2022-05-28,6,Walk,Pantera,Pantera - Walk,AMP | 2022-05-28 | My Running Show,
0.8173715937,My Running Show,2022-05-28,9,Walk This Way,Aerosmith,Aerosmith - Walk This Way,AMP | 2022-05-28 | My Running Show,
0.7984209511,My Running Show,2022-05-28,10,Smokin’,Boston,Boston - Smokin’,AMP | 2022-05-28 | My Running Show,
0.2856413028,Alt Threesomes,2022-06-02,11,PDA,Interpol,Interpol - PDA,AMP | 2022-06-02 | Alt Threesomes,
0.5319051158,Alt Threesomes,2022-06-02,10,Evil,Interpol,Interpol - Evil,AMP | 2022-06-02 | Alt Threesomes,
0.5485211825,Alt Threesomes,2022-06-02,7,Take Me Out,Franz Ferdinand,Franz Ferdinand - Take Me Out,AMP | 2022-06-02 | Alt Threesomes,
0.1715674548,Alt Threesomes,2022-06-02,12,Tomorrow,Silverchair,Silverchair - Tomorrow,AMP | 2022-06-02 | Alt Threesomes,
0.4226954123,Alt Threesomes,2022-06-02,8,The Dark Of The Matinee,Franz Ferdinand,Franz Ferdinand - The Dark Of The Matinee,AMP | 2022-06-02 | Alt Threesomes,
0.9071423707,Alt Threesomes,2022-06-02,13,Ana’s Song (Open Fire),Silverchair,Silverchair - Ana’s Song (Open Fire),AMP | 2022-06-02 | Alt Threesomes,
0.5752325389,Alt Threesomes,2022-06-02,1,Ain’t No Rest For the Wicked,Cage The Elephant,Cage The Elephant - Ain’t No Rest For the Wicked,AMP | 2022-06-02 | Alt Threesomes,
0.4141469434,Alt Threesomes,2022-06-02,3,Shake Me Down,Cage The Elephant,Cage The Elephant - Shake Me Down,AMP | 2022-06-02 | Alt Threesomes,
0.4081939316,Alt Threesomes,2022-06-02,18,When I Come Around,Green Day,Green Day - When I Come Around,AMP | 2022-06-02 | Alt Threesomes,
0.6222273946,Alt Threesomes,2022-06-02,9,Michael,Franz Ferdinand,Franz Ferdinand - Michael,AMP | 2022-06-02 | Alt Threesomes,
0.8488101529,Alt Threesomes,2022-06-02,15,Undone - The Sweater Song,Weezer,Weezer - Undone - The Sweater Song,AMP | 2022-06-02 | Alt Threesomes,
0.9163429193,Alt Threesomes,2022-06-02,17,Beverly Hills,Weezer,Weezer - Beverly Hills,AMP | 2022-06-02 | Alt Threesomes,
0.4943950699,Alt Threesomes,2022-06-02,20,Minority,Green Day,Green Day - Minority,AMP | 2022-06-02 | Alt Threesomes,
0.3072304553,Alt Threesomes,2022-06-02,2,Come a Little Closer,Cage The Elephant,Cage The Elephant - Come a Little Closer,AMP | 2022-06-02 | Alt Threesomes,
0.2351207191,Alt Threesomes,2022-06-02,19,Welcome To Paradise,Green Day,Green Day - Welcome To Paradise,AMP | 2022-06-02 | Alt Threesomes,
0.1950312705,Alt Threesomes,2022-06-02,16,Holiday,Weezer,Weezer - Holiday,AMP | 2022-06-02 | Alt Threesomes,
0.4965183326,Alt Threesomes,2022-06-02,14,Israel’s Son,Silverchair,Silverchair - Israel’s Son,AMP | 2022-06-02 | Alt Threesomes,
0.2963443136,Alt Threesomes,2022-06-02,6,I’ll Be Here Awhile,311,311 - I’ll Be Here Awhile,AMP | 2022-06-02 | Alt Threesomes,
0.3580759283,Alt Threesomes,2022-06-02,4,Transistor,311,311 - Transistor,AMP | 2022-06-02 | Alt Threesomes,
0.4628425423,Alt Threesomes,2022-06-02,5,Beautiful Disaster,311,311 - Beautiful Disaster,AMP | 2022-06-02 | Alt Threesomes,
0.5311749527,Triple Shots,2022-06-02,21,Drop Dead Legs,Van Halen,Van Halen - Drop Dead Legs,AMP | 2022-06-02 | Triple Shots,
0.2321109058,Triple Shots,2022-06-02,13,Just,Radiohead,Radiohead - Just,AMP | 2022-06-02 | Triple Shots,
0.05107209444,Triple Shots,2022-06-02,14,The Bends,Radiohead,Radiohead - The Bends,AMP | 2022-06-02 | Triple Shots,
0.4023261544,Triple Shots,2022-06-02,18,Something About You,Boston,Boston - Something About You,AMP | 2022-06-02 | Triple Shots,
0.351539715,Triple Shots,2022-06-02,7,Dream On,Aerosmith,Aerosmith - Dream On,AMP | 2022-06-02 | Triple Shots,
0.9862153405,Triple Shots,2022-06-02,5,Gimme Shelter,The Rolling Stones,The Rolling Stones - Gimme Shelter,AMP | 2022-06-02 | Triple Shots,
0.4606067123,Triple Shots,2022-06-02,27,A Crow Left Of The Murder,Incubus,Incubus - A Crow Left Of The Murder,AMP | 2022-06-02 | Triple Shots,
0.9914384977,Triple Shots,2022-06-02,17,Feelin’ Satisfied,Boston,Boston - Feelin’ Satisfied,AMP | 2022-06-02 | Triple Shots,
0.4606916843,Triple Shots,2022-06-02,4,Sympathy For The Devil,The Rolling Stones,The Rolling Stones - Sympathy For The Devil,AMP | 2022-06-02 | Triple Shots,
0.3998075929,Triple Shots,2022-06-02,15,Paranoid Android,Radiohead,Radiohead - Paranoid Android,AMP | 2022-06-02 | Triple Shots,
0.1910182806,Triple Shots,2022-06-02,26,Stellar,Incubus,Incubus - Stellar,AMP | 2022-06-02 | Triple Shots,
0.9228660344,Triple Shots,2022-06-02,3,Lady Picture Show,Stone Temple Pilots,Stone Temple Pilots - Lady Picture Show,AMP | 2022-06-02 | Triple Shots,
0.7949020766,Triple Shots,2022-06-02,6,Mother’s Little Helper,The Rolling Stones,The Rolling Stones - Mother’s Little Helper,AMP | 2022-06-02 | Triple Shots,
0.933226085,Triple Shots,2022-06-02,10,Baba O’Riley,The Who,The Who - Baba O’Riley,AMP | 2022-06-02 | Triple Shots,
0.005272735491,Triple Shots,2022-06-02,20,Summer Nights,Van Halen,Van Halen - Summer Nights,AMP | 2022-06-02 | Triple Shots,
0.8872331224,Triple Shots,2022-06-02,12,I’m Free,The Who,The Who - I’m Free,AMP | 2022-06-02 | Triple Shots,
0.6602495206,Triple Shots,2022-06-02,22,Lonely Is The Night,Billy Squier,Billy Squier - Lonely Is The Night,AMP | 2022-06-02 | Triple Shots,
0.4331614214,Triple Shots,2022-06-02,25,Are You In?,Incubus,Incubus - Are You In?,AMP | 2022-06-02 | Triple Shots,
0.5039459472,Triple Shots,2022-06-02,24,Rock Me Tonite,Billy Squier,Billy Squier - Rock Me Tonite,AMP | 2022-06-02 | Triple Shots,
0.7490339608,Triple Shots,2022-06-02,11,Athena,The Who,The Who - Athena,AMP | 2022-06-02 | Triple Shots,
0.7787943699,Triple Shots,2022-06-02,1,Sex Type Thing,Stone Temple Pilots,Stone Temple Pilots - Sex Type Thing,AMP | 2022-06-02 | Triple Shots,
0.8747127964,Triple Shots,2022-06-02,9,Livin’ On The Edge,Aerosmith,Aerosmith - Livin’ On The Edge,AMP | 2022-06-02 | Triple Shots,
0.8930286601,Triple Shots,2022-06-02,8,Back In The Saddle,Aerosmith,Aerosmith - Back In The Saddle,AMP | 2022-06-02 | Triple Shots,
0.4341668877,Triple Shots,2022-06-02,23,Everybody Wants You,Billy Squier,Billy Squier - Everybody Wants You,AMP | 2022-06-02 | Triple Shots,
0.7546453386,Triple Shots,2022-06-02,19,Cabo Wabo,Van Halen,Van Halen - Cabo Wabo,AMP | 2022-06-02 | Triple Shots,
0.1164535189,Triple Shots,2022-06-02,16,Peace of Mind,Boston,Boston - Peace of Mind,AMP | 2022-06-02 | Triple Shots,
0.4209064431,Triple Shots,2022-06-02,2,Big Bang Baby,Stone Temple Pilots,Stone Temple Pilots - Big Bang Baby,AMP | 2022-06-02 | Triple Shots,
0.1692378604,Ad Hoc Rock 80’s and 90’s,2022-06-03,5,Gimme Some Slack,The Cars,The Cars - Gimme Some Slack,AMP | 2022-06-03 | Ad Hoc Rock 80’s and 90’s,
0.005603212647,Ad Hoc Rock 80’s and 90’s,2022-06-03,12,Trouble,Coldplay,Coldplay - Trouble,AMP | 2022-06-03 | Ad Hoc Rock 80’s and 90’s,
0.4185360033,Ad Hoc Rock 80’s and 90’s,2022-06-03,9,I Still Haven’t Found What I’m Looking For,U2,U2 - I Still Haven’t Found What I’m Looking For,AMP | 2022-06-03 | Ad Hoc Rock 80’s and 90’s,
0.3158443269,Ad Hoc Rock 80’s and 90’s,2022-06-03,22,Big Balls,AC/DC,AC/DC - Big Balls,AMP | 2022-06-03 | Ad Hoc Rock 80’s and 90’s,
0.5653398993,Ad Hoc Rock 80’s and 90’s,2022-06-03,28,Cave,Muse,Muse - Cave,AMP | 2022-06-03 | Ad Hoc Rock 80’s and 90’s,
0.2226681967,Ad Hoc Rock 80’s and 90’s,2022-06-03,16,Jump,Van Halen,Van Halen - Jump,AMP | 2022-06-03 | Ad Hoc Rock 80’s and 90’s,
0.7170310217,Ad Hoc Rock 80’s and 90’s,2022-06-03,25,Where Is My Mind?,The Pixies,The Pixies - Where Is My Mind?,AMP | 2022-06-03 | Ad Hoc Rock 80’s and 90’s,
0.08753163985,Ad Hoc Rock 80’s and 90’s,2022-06-03,13,Wanted Dead or Alive,Bon Jovi,Bon Jovi - Wanted Dead or Alive,AMP | 2022-06-03 | Ad Hoc Rock 80’s and 90’s,
0.9228035282,Ad Hoc Rock 80’s and 90’s,2022-06-03,29,It’s The End Of The World As We Know It,R.E.M.,R.E.M. - It’s The End Of The World As We Know It,AMP | 2022-06-03 | Ad Hoc Rock 80’s and 90’s,
0.7175485096,Ad Hoc Rock 80’s and 90’s,2022-06-03,21,Even Flow,Pearl Jam,Pearl Jam - Even Flow,AMP | 2022-06-03 | Ad Hoc Rock 80’s and 90’s,
0.422109808,Ad Hoc Rock 80’s and 90’s,2022-06-03,8,Dangerous Type,The Cars,The Cars - Dangerous Type,AMP | 2022-06-03 | Ad Hoc Rock 80’s and 90’s,
0.8697198915,Ad Hoc Rock 80’s and 90’s,2022-06-03,3,I Want You To Want Me,Cheap Trick,Cheap Trick - I Want You To Want Me,AMP | 2022-06-03 | Ad Hoc Rock 80’s and 90’s,
0.0484528055,Ad Hoc Rock 80’s and 90’s,2022-06-03,1,Just What I Needed,The Cars,The Cars - Just What I Needed,AMP | 2022-06-03 | Ad Hoc Rock 80’s and 90’s,
0.5974101304,Ad Hoc Rock 80’s and 90’s,2022-06-03,4,She,Green Day,Green Day - She,AMP | 2022-06-03 | Ad Hoc Rock 80’s and 90’s,
0.8133414561,Ad Hoc Rock 80’s and 90’s,2022-06-03,18,On A Plain,Nirvana,Nirvana - On A Plain,AMP | 2022-06-03 | Ad Hoc Rock 80’s and 90’s,
0.0757124362,Ad Hoc Rock 80’s and 90’s,2022-06-03,15,Desire,U2,U2 - Desire,AMP | 2022-06-03 | Ad Hoc Rock 80’s and 90’s,
0.8231902968,Ad Hoc Rock 80’s and 90’s,2022-06-03,17,Longview,Green Day,Green Day - Longview,AMP | 2022-06-03 | Ad Hoc Rock 80’s and 90’s,
0.5664583589,Ad Hoc Rock 80’s and 90’s,2022-06-03,24,1979,The Smashing Pumpkins,The Smashing Pumpkins - 1979,AMP | 2022-06-03 | Ad Hoc Rock 80’s and 90’s,
0.9422929591,Ad Hoc Rock 80’s and 90’s,2022-06-03,2,Beautiful Day,U2,U2 - Beautiful Day,AMP | 2022-06-03 | Ad Hoc Rock 80’s and 90’s,
0.01444175594,Ad Hoc Rock 80’s and 90’s,2022-06-03,6,You’re My Best Friend,Queen,Queen - You’re My Best Friend,AMP | 2022-06-03 | Ad Hoc Rock 80’s and 90’s,
0.7352737319,Ad Hoc Rock 80’s and 90’s,2022-06-03,20,Dream Police,Cheap Trick,Cheap Trick - Dream Police,AMP | 2022-06-03 | Ad Hoc Rock 80’s and 90’s,
0.2955441292,Ad Hoc Rock 80’s and 90’s,2022-06-03,10,I Guest That’s Why They Call It the Blues,Elton John,Elton John - I Guest That’s Why They Call It the Blues,AMP | 2022-06-03 | Ad Hoc Rock 80’s and 90’s,
0.3207820448,Ad Hoc Rock 80’s and 90’s,2022-06-03,30,Best Of Both Worlds,Van Halen,Van Halen - Best Of Both Worlds,AMP | 2022-06-03 | Ad Hoc Rock 80’s and 90’s,
0.2720962195,Ad Hoc Rock 80’s and 90’s,2022-06-03,14,California Man,Cheap Trick,Cheap Trick - California Man,AMP | 2022-06-03 | Ad Hoc Rock 80’s and 90’s,
0.6034356968,Ad Hoc Rock 80’s and 90’s,2022-06-03,19,Gone Away,The Offspring,The Offspring - Gone Away,AMP | 2022-06-03 | Ad Hoc Rock 80’s and 90’s,
0.7238391717,Ad Hoc Rock 80’s and 90’s,2022-06-03,27,Supersonic,Oasis,Oasis - Supersonic,AMP | 2022-06-03 | Ad Hoc Rock 80’s and 90’s,
0.5725481199,Ad Hoc Rock 80’s and 90’s,2022-06-03,11,Yellow Leadbetter,Pearl Jam,Pearl Jam - Yellow Leadbetter,AMP | 2022-06-03 | Ad Hoc Rock 80’s and 90’s,
0.6027354533,Ad Hoc Rock 80’s and 90’s,2022-06-03,7,Burn Baby Burn,Ash,Ash - Burn Baby Burn,AMP | 2022-06-03 | Ad Hoc Rock 80’s and 90’s,
0.7540373233,Ad Hoc Rock 80’s and 90’s,2022-06-03,26,Same Direction,Hoobastank,Hoobastank - Same Direction,AMP | 2022-06-03 | Ad Hoc Rock 80’s and 90’s,
0.3607256237,Ad Hoc Rock 80’s and 90’s,2022-06-03,23,Times Like These,Foo Fighters,Foo Fighters - Times Like These,AMP | 2022-06-03 | Ad Hoc Rock 80’s and 90’s,
0.6567702716,Tiki Bar,2022-06-03,5,Drug Song,Janko Nilovic,Janko Nilovic - Drug Song,AMP | 2022-06-03 | Tiki Bar,
0.7910591685,Tiki Bar,2022-06-03,2,Samba Slim,Tamba 4,Tamba 4 - Samba Slim,AMP | 2022-06-03 | Tiki Bar,
0.9877354366,Tiki Bar,2022-06-03,4,Beach Samba,Walter Wanderley,Walter Wanderley - Beach Samba,AMP | 2022-06-03 | Tiki Bar,
0.6413976527,Tiki Bar,2022-06-03,1,Sumer Samba (So Nice),Walter Wanderley,Walter Wanderley - Sumer Samba (So Nice),AMP | 2022-06-03 | Tiki Bar,
0.233775121,Tiki Bar,2022-06-03,3,Outer Space,Meltones,Meltones - Outer Space,AMP | 2022-06-03 | Tiki Bar,
0.451471675,Ad Hoc Hard Rock,2022-06-06,6,Paradise City,Guns N’ Roses,Guns N’ Roses - Paradise City,AMP | 2022-06-06 | Ad Hoc Hard Rock,
0.7736821607,Ad Hoc Hard Rock,2022-06-06,3,Infestissumam,Ghost,Ghost - Infestissumam,AMP | 2022-06-06 | Ad Hoc Hard Rock,
0.6562737954,Ad Hoc Hard Rock,2022-06-06,4,Year Zero,Ghost,Ghost - Year Zero,AMP | 2022-06-06 | Ad Hoc Hard Rock,
0.236441849,Ad Hoc Hard Rock,2022-06-06,2,Neon Knights,Black Sabbath,Black Sabbath - Neon Knights,AMP | 2022-06-06 | Ad Hoc Hard Rock,
0.009810162358,Ad Hoc Hard Rock,2022-06-06,5,You Really Got Me,Van Halen,Van Halen - You Really Got Me,AMP | 2022-06-06 | Ad Hoc Hard Rock,
0.2430647558,Ad Hoc Hard Rock,2022-06-06,8,Heaven and Hell,Black Sabbath,Black Sabbath - Heaven and Hell,AMP | 2022-06-06 | Ad Hoc Hard Rock,
0.1221705341,Ad Hoc Hard Rock,2022-06-06,13,The Zoo,Scorpions,Scorpions - The Zoo,AMP | 2022-06-06 | Ad Hoc Hard Rock,
0.7352252161,Ad Hoc Hard Rock,2022-06-06,7,He Is,Ghost,Ghost - He Is,AMP | 2022-06-06 | Ad Hoc Hard Rock,
0.1775819193,Ad Hoc Hard Rock,2022-06-06,12,Children of the Grave,Black Sabbath,Black Sabbath - Children of the Grave,AMP | 2022-06-06 | Ad Hoc Hard Rock,
0.7188326721,Ad Hoc Hard Rock,2022-06-06,14,Right Now,Van Halen,Van Halen - Right Now,AMP | 2022-06-06 | Ad Hoc Hard Rock,
0.2922890137,Ad Hoc Hard Rock,2022-06-06,10,Runnin’ with the Devil,Van Halen,Van Halen - Runnin’ with the Devil,AMP | 2022-06-06 | Ad Hoc Hard Rock,
0.7403823839,Ad Hoc Hard Rock,2022-06-06,9,Still Loving You,Scorpions,Scorpions - Still Loving You,AMP | 2022-06-06 | Ad Hoc Hard Rock,
0.07328206932,Ad Hoc Hard Rock,2022-06-06,11,Mr. Brownstone,Guns N’ Roses,Guns N’ Roses - Mr. Brownstone,AMP | 2022-06-06 | Ad Hoc Hard Rock,
0.7147476966,Ad Hoc Hard Rock,2022-06-06,1,Blackout,Scorpions,Scorpions - Blackout,AMP | 2022-06-06 | Ad Hoc Hard Rock,
0.612418613,Ad Hoc Rock,2022-06-07,2,Machinehead,Bush,Bush - Machinehead,AMP | 2022-06-07 | Ad Hoc Rock,
0.6719018568,Ad Hoc Rock,2022-06-07,8,Here Comes Your Man,Pixies,Pixies - Here Comes Your Man,AMP | 2022-06-07 | Ad Hoc Rock,
0.7713396764,Ad Hoc Rock,2022-06-07,11,"Tonight, Tonight",The Smashing Pumpkins,"The Smashing Pumpkins - Tonight, Tonight",AMP | 2022-06-07 | Ad Hoc Rock,
0.5644322579,Ad Hoc Rock,2022-06-07,1,When I Come Around,Green Day,Green Day - When I Come Around,AMP | 2022-06-07 | Ad Hoc Rock,
0.3223623782,Ad Hoc Rock,2022-06-07,3,Crawling,Linkin Park,Linkin Park - Crawling,AMP | 2022-06-07 | Ad Hoc Rock,
0.8457989987,Ad Hoc Rock,2022-06-07,13,Welcome To Paradise,Green Day,Green Day - Welcome To Paradise,AMP | 2022-06-07 | Ad Hoc Rock,
0.4664671271,Ad Hoc Rock,2022-06-07,9,Times Like These,Foo Fighters,Foo Fighters - Times Like These,AMP | 2022-06-07 | Ad Hoc Rock,
0.09988023554,Ad Hoc Rock,2022-06-07,16,I Will Buy You A New Life,Everclear,Everclear - I Will Buy You A New Life,AMP | 2022-06-07 | Ad Hoc Rock,
0.8744410229,Ad Hoc Rock,2022-06-07,6,Sowing The Seeds Of Love,Tears For Fears,Tears For Fears - Sowing The Seeds Of Love,AMP | 2022-06-07 | Ad Hoc Rock,
0.4748545331,Ad Hoc Rock,2022-06-07,5,Just Like Heaven,The Cure,The Cure - Just Like Heaven,AMP | 2022-06-07 | Ad Hoc Rock,
0.6296638115,Ad Hoc Rock,2022-06-07,14,Spiderwebs,No Doubt,No Doubt - Spiderwebs,AMP | 2022-06-07 | Ad Hoc Rock,
0.08893310333,Ad Hoc Rock,2022-06-07,7,Otherside,Red Hot Chili Peppers,Red Hot Chili Peppers - Otherside,AMP | 2022-06-07 | Ad Hoc Rock,
0.9950338877,Ad Hoc Rock,2022-06-07,4,Silver And Cold,AFI,AFI - Silver And Cold,AMP | 2022-06-07 | Ad Hoc Rock,
0.3625381049,Ad Hoc Rock,2022-06-07,10,Girlfriend in a Coma,The Smiths,The Smiths - Girlfriend in a Coma,AMP | 2022-06-07 | Ad Hoc Rock,
0.501852166,Ad Hoc Rock,2022-06-07,15,Self Esteem,The Offspring,The Offspring - Self Esteem,AMP | 2022-06-07 | Ad Hoc Rock,
0.4625138123,Ad Hoc Rock,2022-06-07,12,Santeria,Sublime,Sublime - Santeria,AMP | 2022-06-07 | Ad Hoc Rock,
0.4504663399,The Hour of Sin,2022-06-09,8,Black Sabbath,Black Sabbath,Black Sabbath - Black Sabbath,AMP | 2022-06-09 | The Hour of Sin,
0.6807721588,The Hour of Sin,2022-06-09,7,Heaven and Hell,Black Sabbath,Black Sabbath - Heaven and Hell,AMP | 2022-06-09 | The Hour of Sin,
0.02209996774,The Hour of Sin,2022-06-09,4,Per Aspera ad Inferi,Ghost,Ghost - Per Aspera ad Inferi,AMP | 2022-06-09 | The Hour of Sin,
0.7149497776,The Hour of Sin,2022-06-09,2,Shout At The Devil,Motley Crue,Motley Crue - Shout At The Devil,AMP | 2022-06-09 | The Hour of Sin,
0.0951554582,The Hour of Sin,2022-06-09,11,Go To Hell,Alice Cooper,Alice Cooper - Go To Hell,AMP | 2022-06-09 | The Hour of Sin,
0.9653556982,The Hour of Sin,2022-06-09,5,The Number of the Beast,Iron Maiden,Iron Maiden - The Number of the Beast,AMP | 2022-06-09 | The Hour of Sin,
0.8196103499,The Hour of Sin,2022-06-09,9,Sinner’s Swing,Van Halen,Van Halen - Sinner’s Swing,AMP | 2022-06-09 | The Hour of Sin,
0.2445052049,The Hour of Sin,2022-06-09,1,Runnin’ with the Devil,Van Halen,Van Halen - Runnin’ with the Devil,AMP | 2022-06-09 | The Hour of Sin,
0.5777764782,The Hour of Sin,2022-06-09,10,He Is,Ghost,Ghost - He Is,AMP | 2022-06-09 | The Hour of Sin,
0.7372817794,The Hour of Sin,2022-06-09,6,Ritual,Ghost,Ghost - Ritual,AMP | 2022-06-09 | The Hour of Sin,
0.2121365078,The Hour of Sin,2022-06-09,3,Infestissumam,Ghost,Ghost - Infestissumam,AMP | 2022-06-09 | The Hour of Sin,
0.8162821886,Ad Hoc Rock,2022-06-10,20,Shimmer,Fuel,Fuel - Shimmer,AMP | 2022-06-10 | Ad Hoc Rock,
0.1603148582,Ad Hoc Rock,2022-06-10,14,Pardon Me,Incubus,Incubus - Pardon Me,AMP | 2022-06-10 | Ad Hoc Rock,
0.9638461878,Ad Hoc Rock,2022-06-10,9,Breaking the Habit,Linkin Park,Linkin Park - Breaking the Habit,AMP | 2022-06-10 | Ad Hoc Rock,
0.2482054622,Ad Hoc Rock,2022-06-10,8,Numb,Linkin Park,Linkin Park - Numb,AMP | 2022-06-10 | Ad Hoc Rock,
0.7759392521,Ad Hoc Rock,2022-06-10,4,You Might Think,The Cars,The Cars - You Might Think,AMP | 2022-06-10 | Ad Hoc Rock,
0.4652198188,Ad Hoc Rock,2022-06-10,7,My Own Prison,Creed,Creed - My Own Prison,AMP | 2022-06-10 | Ad Hoc Rock,
0.9103592241,Ad Hoc Rock,2022-06-10,25,I’ll Stick Around,Foo Fighters,Foo Fighters - I’ll Stick Around,AMP | 2022-06-10 | Ad Hoc Rock,
0.7065112686,Ad Hoc Rock,2022-06-10,22,Same Direction,Hoobastank,Hoobastank - Same Direction,AMP | 2022-06-10 | Ad Hoc Rock,
0.1202145102,Ad Hoc Rock,2022-06-10,3,Shake It Up,The Cars,The Cars - Shake It Up,AMP | 2022-06-10 | Ad Hoc Rock,
0.6074770144,Ad Hoc Rock,2022-06-10,23,Fashion,David Bowie,David Bowie - Fashion,AMP | 2022-06-10 | Ad Hoc Rock,
0.8014363726,Ad Hoc Rock,2022-06-10,1,Beautiful Day,U2,U2 - Beautiful Day,AMP | 2022-06-10 | Ad Hoc Rock,
0.6230650162,Ad Hoc Rock,2022-06-10,16,Round Here,Counting Crows,Counting Crows - Round Here,AMP | 2022-06-10 | Ad Hoc Rock,
0.03903058692,Ad Hoc Rock,2022-06-10,5,Holiday,Green Day,Green Day - Holiday,AMP | 2022-06-10 | Ad Hoc Rock,
0.09126969641,Ad Hoc Rock,2022-06-10,11,Wanted Dead Or Alive,Bon Jovi,Bon Jovi - Wanted Dead Or Alive,AMP | 2022-06-10 | Ad Hoc Rock,
0.1102578003,Ad Hoc Rock,2022-06-10,26,The Last Song,Foo Fighters,Foo Fighters - The Last Song,AMP | 2022-06-10 | Ad Hoc Rock,
0.3551651523,Ad Hoc Rock,2022-06-10,2,Mysterious Ways,U2,U2 - Mysterious Ways,AMP | 2022-06-10 | Ad Hoc Rock,
0.08399629726,Ad Hoc Rock,2022-06-10,13,"What’s The Frequency, Kenneth?",R.E.M.,"R.E.M. - What’s The Frequency, Kenneth?",AMP | 2022-06-10 | Ad Hoc Rock,
0.05499877697,Ad Hoc Rock,2022-06-10,18,Hysteria,Muse,Muse - Hysteria,AMP | 2022-06-10 | Ad Hoc Rock,
0.2248504665,Ad Hoc Rock,2022-06-10,10,Livin’ On A Prayer,Bon Jovi,Bon Jovi - Livin’ On A Prayer,AMP | 2022-06-10 | Ad Hoc Rock,
0.4109785224,Ad Hoc Rock,2022-06-10,19,Hemorrhage (In My Hands),Fuel,Fuel - Hemorrhage (In My Hands),AMP | 2022-06-10 | Ad Hoc Rock,
0.6894106081,Ad Hoc Rock,2022-06-10,6,She,Green Day,Green Day - She,AMP | 2022-06-10 | Ad Hoc Rock,
0.9337845623,Ad Hoc Rock,2022-06-10,12,Fall On Me,R.E.M.,R.E.M. - Fall On Me,AMP | 2022-06-10 | Ad Hoc Rock,
0.7023612558,Ad Hoc Rock,2022-06-10,24,Starman,David Bowie,David Bowie - Starman,AMP | 2022-06-10 | Ad Hoc Rock,
0.2744989962,Ad Hoc Rock,2022-06-10,17,Starlight,Muse,Muse - Starlight,AMP | 2022-06-10 | Ad Hoc Rock,
0.3744118776,Ad Hoc Rock,2022-06-10,21,Running Away,Hoobastank,Hoobastank - Running Away,AMP | 2022-06-10 | Ad Hoc Rock,
0.3751735625,Ad Hoc Rock,2022-06-10,15,Are You In?,Incubus,Incubus - Are You In?,AMP | 2022-06-10 | Ad Hoc Rock,
0.3154525993,Ad Hoc Classic Rock,2022-06-14,2,White Room,Cream,Cream - White Room,AMP | 2022-06-14 | Ad Hoc Classic Rock,
0.2378770067,Ad Hoc Classic Rock,2022-06-14,4,Unchained,Van Halen,Van Halen - Unchained,AMP | 2022-06-14 | Ad Hoc Classic Rock,
0.5887059186,Ad Hoc Classic Rock,2022-06-14,9,Foreplay/Long Time,Boston,Boston - Foreplay/Long Time,AMP | 2022-06-14 | Ad Hoc Classic Rock,
0.2916261347,Ad Hoc Classic Rock,2022-06-14,11,Bungle in the Jungle,Jethro Tull,Jethro Tull - Bungle in the Jungle,AMP | 2022-06-14 | Ad Hoc Classic Rock,
0.6193674294,Ad Hoc Classic Rock,2022-06-14,5,Who Are You,The Who,The Who - Who Are You,AMP | 2022-06-14 | Ad Hoc Classic Rock,
0.8165899772,Ad Hoc Classic Rock,2022-06-14,3,Two Of Us,The Beatles,The Beatles - Two Of Us,AMP | 2022-06-14 | Ad Hoc Classic Rock,
0.829344363,Ad Hoc Classic Rock,2022-06-14,1,Kashmir,Led Zeppelin,Led Zeppelin - Kashmir,AMP | 2022-06-14 | Ad Hoc Classic Rock,
0.2624619399,Ad Hoc Classic Rock,2022-06-14,6,Paradise City,Guns N Roses,Guns N Roses - Paradise City,AMP | 2022-06-14 | Ad Hoc Classic Rock,
0.823873014,Ad Hoc Classic Rock,2022-06-14,8,Don't Do Me Like That,Tom Petty,Tom Petty - Don't Do Me Like That,AMP | 2022-06-14 | Ad Hoc Classic Rock,
0.6676502681,Ad Hoc Classic Rock,2022-06-14,7,Dream On,Aerosmith,Aerosmith - Dream On,AMP | 2022-06-14 | Ad Hoc Classic Rock,
0.3523145557,Ad Hoc Classic Rock,2022-06-14,10,Aqualung,Jethro Tull,Jethro Tull - Aqualung,AMP | 2022-06-14 | Ad Hoc Classic Rock,
0.1082915495,Ad Hoc Classic Rock,2022-06-14,12,Jungle Love,The Steve Miller Band,The Steve Miller Band - Jungle Love,AMP | 2022-06-14 | Ad Hoc Classic Rock,
0.3412085378,Angels and Demons,2022-06-16,7,Year Zero,Ghost,Ghost - Year Zero,AMP | 2022-06-16 | Angels and Demons,
0.05702364336,Angels and Demons,2022-06-16,14,Shout At the Devil,Motley Crue,Motley Crue - Shout At the Devil,AMP | 2022-06-16 | Angels and Demons,
0.5302407618,Angels and Demons,2022-06-16,3,Jesus or a Gun,Fuel,Fuel - Jesus or a Gun,AMP | 2022-06-16 | Angels and Demons,
0.3525645857,Angels and Demons,2022-06-16,11,Angels Of The Silences,Counting Crows,Counting Crows - Angels Of The Silences,AMP | 2022-06-16 | Angels and Demons,
0.4993242185,Angels and Demons,2022-06-16,12,Angel,Aerosmith,Aerosmith - Angel,AMP | 2022-06-16 | Angels and Demons,
0.8296578581,Angels and Demons,2022-06-16,2,Personal Jesus,Depeche Mode,Depeche Mode - Personal Jesus,AMP | 2022-06-16 | Angels and Demons,
0.6662862201,Angels and Demons,2022-06-16,6,Fly Away,Lenny Kravitz,Lenny Kravitz - Fly Away,AMP | 2022-06-16 | Angels and Demons,
0.457716007,Angels and Demons,2022-06-16,8,Jesus Is Just Alright,The Doobie Brothers,The Doobie Brothers - Jesus Is Just Alright,AMP | 2022-06-16 | Angels and Demons,
0.5591147516,Angels and Demons,2022-06-16,10,Ritual,Ghost,Ghost - Ritual,AMP | 2022-06-16 | Angels and Demons,
0.5239979095,Angels and Demons,2022-06-16,4,He Is,Ghost,Ghost - He Is,AMP | 2022-06-16 | Angels and Demons,
0.864383829,Angels and Demons,2022-06-16,9,Little Wing,The Jimi Hendrix Experience,The Jimi Hendrix Experience - Little Wing,AMP | 2022-06-16 | Angels and Demons,
0.1774936948,Angels and Demons,2022-06-16,13,Ashes to Ashes,Faith No More,Faith No More - Ashes to Ashes,AMP | 2022-06-16 | Angels and Demons,
0.3550133178,Angels and Demons,2022-06-16,5,Higher,Creed,Creed - Higher,AMP | 2022-06-16 | Angels and Demons,
0.7425902031,Angels and Demons,2022-06-16,1,No More Mr. Nice Guy,Alice Cooper,Alice Cooper - No More Mr. Nice Guy,AMP | 2022-06-16 | Angels and Demons,
0.3772127901,Angels and Demons,2022-06-16,15,Ashes to Ashes,David Bowie,David Bowie - Ashes to Ashes,AMP | 2022-06-16 | Angels and Demons,
0.1024022204,Ad Hoc Rock,2022-06-20,11,Twisted Transistor,Korn,Korn - Twisted Transistor,AMP | 2022-06-20 | Ad Hoc Rock,
0.590226821,Ad Hoc Rock,2022-06-20,7,Judith,A Perfect Circle,A Perfect Circle - Judith,AMP | 2022-06-20 | Ad Hoc Rock,
0.1413554453,Ad Hoc Rock,2022-06-20,1,Sober,Tool,Tool - Sober,AMP | 2022-06-20 | Ad Hoc Rock,
0.705877694,Ad Hoc Rock,2022-06-20,17,Crawling,Linkin Park,Linkin Park - Crawling,AMP | 2022-06-20 | Ad Hoc Rock,
0.4917992381,Ad Hoc Rock,2022-06-20,9,Forty Six & 2,Tool,Tool - Forty Six & 2,AMP | 2022-06-20 | Ad Hoc Rock,
0.06105676293,Ad Hoc Rock,2022-06-20,14,Love-Hate-Sex-Pain,Godsmack,Godsmack - Love-Hate-Sex-Pain,AMP | 2022-06-20 | Ad Hoc Rock,
0.4323360385,Ad Hoc Rock,2022-06-20,6,Stinkfist,Tool,Tool - Stinkfist,AMP | 2022-06-20 | Ad Hoc Rock,
0.6090352175,Ad Hoc Rock,2022-06-20,4,Toxicity,System Of A Down,System Of A Down - Toxicity,AMP | 2022-06-20 | Ad Hoc Rock,
0.7840324378,Ad Hoc Rock,2022-06-20,15,Kill The Noise,Papa Roach,Papa Roach - Kill The Noise,AMP | 2022-06-20 | Ad Hoc Rock,
0.8591645318,Ad Hoc Rock,2022-06-20,10,Aerials,System Of A Down,System Of A Down - Aerials,AMP | 2022-06-20 | Ad Hoc Rock,
0.6082002776,Ad Hoc Rock,2022-06-20,13,Thoughtless,Korn,Korn - Thoughtless,AMP | 2022-06-20 | Ad Hoc Rock,
0.09425286615,Ad Hoc Rock,2022-06-20,19,Bodies,Drowning Pool,Drowning Pool - Bodies,AMP | 2022-06-20 | Ad Hoc Rock,
0.7551062636,Ad Hoc Rock,2022-06-20,3,Freak on a Leash,Korn,Korn - Freak on a Leash,AMP | 2022-06-20 | Ad Hoc Rock,
0.906303825,Ad Hoc Rock,2022-06-20,16,Minerva,Deftones,Deftones - Minerva,AMP | 2022-06-20 | Ad Hoc Rock,
0.1915125981,Ad Hoc Rock,2022-06-20,5,My Way,Limp Bizkit,Limp Bizkit - My Way,AMP | 2022-06-20 | Ad Hoc Rock,
0.4106733664,Ad Hoc Rock,2022-06-20,8,Innervision,System Of A Down,System Of A Down - Innervision,AMP | 2022-06-20 | Ad Hoc Rock,
0.1567199919,Ad Hoc Rock,2022-06-20,12,I Stand Alone,Godsmack,Godsmack - I Stand Alone,AMP | 2022-06-20 | Ad Hoc Rock,
0.01295680355,Ad Hoc Rock,2022-06-20,18,Breaking the Habit,Linkin Park,Linkin Park - Breaking the Habit,AMP | 2022-06-20 | Ad Hoc Rock,
0.6877553427,Ad Hoc Rock,2022-06-20,2,Weak and Powerless,A Perfect Circle,A Perfect Circle - Weak and Powerless,AMP | 2022-06-20 | Ad Hoc Rock,
0.03959718721,Ad Hoc Thursday,2022-06-30,9,Back in Black,AC/DC,AC/DC - Back in Black,AMP | 2022-06-30 | Ad Hoc Thursday,
0.8061193409,Ad Hoc Thursday,2022-06-30,12,Shoot to Thrill,AC/DC,AC/DC - Shoot to Thrill,AMP | 2022-06-30 | Ad Hoc Thursday,
0.02047503715,Ad Hoc Thursday,2022-06-30,1,Basket Case,Green Day,Green Day - Basket Case,AMP | 2022-06-30 | Ad Hoc Thursday,
0.5783143482,Ad Hoc Thursday,2022-06-30,15,Outshined,Soundgarden,Soundgarden - Outshined,AMP | 2022-06-30 | Ad Hoc Thursday,
0.6883847051,Ad Hoc Thursday,2022-06-30,4,Welcome To Paradise,Green Day,Green Day - Welcome To Paradise,AMP | 2022-06-30 | Ad Hoc Thursday,
0.5230560077,Ad Hoc Thursday,2022-06-30,10,Big Bang Baby,Stone Temple Pilots,Stone Temple Pilots - Big Bang Baby,AMP | 2022-06-30 | Ad Hoc Thursday,
0.4857399203,Ad Hoc Thursday,2022-06-30,7,Toxicity,System Of A Down,System Of A Down - Toxicity,AMP | 2022-06-30 | Ad Hoc Thursday,
0.1281168316,Ad Hoc Thursday,2022-06-30,14,Make Me Bad,Korn,Korn - Make Me Bad,AMP | 2022-06-30 | Ad Hoc Thursday,
0.3331189346,Ad Hoc Thursday,2022-06-30,13,The Kids Aren't Alright,The Offspring,The Offspring - The Kids Aren't Alright,AMP | 2022-06-30 | Ad Hoc Thursday,
0.01325078765,Ad Hoc Thursday,2022-06-30,17,Digital Bath,Deftones,Deftones - Digital Bath,AMP | 2022-06-30 | Ad Hoc Thursday,
0.7980217284,Ad Hoc Thursday,2022-06-30,5,Best Of Both Worlds,Van Halen,Van Halen - Best Of Both Worlds,AMP | 2022-06-30 | Ad Hoc Thursday,
0.002337163027,Ad Hoc Thursday,2022-06-30,11,Houses Of The Holy,Led Zeppelin,Led Zeppelin - Houses Of The Holy,AMP | 2022-06-30 | Ad Hoc Thursday,
0.4267582716,Ad Hoc Thursday,2022-06-30,2,Right Now,Van Halen,Van Halen - Right Now,AMP | 2022-06-30 | Ad Hoc Thursday,
0.7831078423,Ad Hoc Thursday,2022-06-30,16,Magdalena,A Perfect Circle,A Perfect Circle - Magdalena,AMP | 2022-06-30 | Ad Hoc Thursday,
0.5796300712,Ad Hoc Thursday,2022-06-30,3,Stinkfist,Tool,Tool - Stinkfist,AMP | 2022-06-30 | Ad Hoc Thursday,
0.1875619957,Ad Hoc Thursday,2022-06-30,6,Sober,Tool,Tool - Sober,AMP | 2022-06-30 | Ad Hoc Thursday,
0.492048281,Ad Hoc Thursday,2022-06-30,8,Sex Type Thing,Stone Temple Pilots,Stone Temple Pilots - Sex Type Thing,AMP | 2022-06-30 | Ad Hoc Thursday,
0.4370284557,Ad Hoc Rock,2022-07-05,10,Finding out True Love Is Blind,Louis XIV,Louis XIV - Finding out True Love Is Blind,AMP | 2022-07-05 | Ad Hoc Rock,
0.7151130909,Ad Hoc Rock,2022-07-05,19,A View to a Kill,Duran Duran,Duran Duran - A View to a Kill,AMP | 2022-07-05 | Ad Hoc Rock,
0.995033635,Ad Hoc Rock,2022-07-05,14,Overdrive,Foo Fighters,Foo Fighters - Overdrive,AMP | 2022-07-05 | Ad Hoc Rock,
0.4522502467,Ad Hoc Rock,2022-07-05,22,Be Yourself,Audioslave,Audioslave - Be Yourself,AMP | 2022-07-05 | Ad Hoc Rock,
0.2565254904,Ad Hoc Rock,2022-07-05,21,The Reason,Hoobastank,Hoobastank - The Reason,AMP | 2022-07-05 | Ad Hoc Rock,
0.378176429,Ad Hoc Rock,2022-07-05,20,Second Chance,Shinedown,Shinedown - Second Chance,AMP | 2022-07-05 | Ad Hoc Rock,
0.9870661173,Ad Hoc Rock,2022-07-05,7,Santa Monica,Everclear,Everclear - Santa Monica,AMP | 2022-07-05 | Ad Hoc Rock,
0.2177834393,Ad Hoc Rock,2022-07-05,12,Greedy Fly,Bush,Bush - Greedy Fly,AMP | 2022-07-05 | Ad Hoc Rock,
0.789439693,Ad Hoc Rock,2022-07-05,6,Los Angeles,blink-182,blink-182 - Los Angeles,AMP | 2022-07-05 | Ad Hoc Rock,
0.9811569583,Ad Hoc Rock,2022-07-05,15,Dead Souls,Nine Inch Nails,Nine Inch Nails - Dead Souls,AMP | 2022-07-05 | Ad Hoc Rock,
0.5124559623,Ad Hoc Rock,2022-07-05,5,Los Angeles,Frank Black,Frank Black - Los Angeles,AMP | 2022-07-05 | Ad Hoc Rock,
0.2431671755,Ad Hoc Rock,2022-07-05,11,Never Let Me Down Again,Depeche Mode,Depeche Mode - Never Let Me Down Again,AMP | 2022-07-05 | Ad Hoc Rock,
0.2879121055,Ad Hoc Rock,2022-07-05,13,Warning,Incubus,Incubus - Warning,AMP | 2022-07-05 | Ad Hoc Rock,
0.05880108792,Ad Hoc Rock,2022-07-05,9,Californication,Red Hot Chili Peppers,Red Hot Chili Peppers - Californication,AMP | 2022-07-05 | Ad Hoc Rock,
0.1626854067,Ad Hoc Rock,2022-07-05,17,Lonely Boy,The Black Keys,The Black Keys - Lonely Boy,AMP | 2022-07-05 | Ad Hoc Rock,
0.9961875274,Ad Hoc Rock,2022-07-05,18,Joining a Fan Club,Jellyfish,Jellyfish - Joining a Fan Club,AMP | 2022-07-05 | Ad Hoc Rock,
0.2253674317,Ad Hoc Rock,2022-07-05,3,Gone Hollywood,Supertramp,Supertramp - Gone Hollywood,AMP | 2022-07-05 | Ad Hoc Rock,
0.7162603568,Ad Hoc Rock,2022-07-05,1,White Punks on Dope,The Tubes,The Tubes - White Punks on Dope,AMP | 2022-07-05 | Ad Hoc Rock,
0.8679428441,Ad Hoc Rock,2022-07-05,8,Life Beyond L.A.,Ambrosia,Ambrosia - Life Beyond L.A.,AMP | 2022-07-05 | Ad Hoc Rock,
0.5400031496,Ad Hoc Rock,2022-07-05,4,Los Angeles,X,X - Los Angeles,AMP | 2022-07-05 | Ad Hoc Rock,
0.7956148923,Ad Hoc Rock,2022-07-05,16,Dogs of Lust,The The,The The - Dogs of Lust,AMP | 2022-07-05 | Ad Hoc Rock,
0.4206320646,Ad Hoc Rock,2022-07-05,2,Hollywood,Shooting Star,Shooting Star - Hollywood,AMP | 2022-07-05 | Ad Hoc Rock,
0.5404618812,Ad Hoc Blues Rock,2022-07-07,11,Everybody Needs Somebody to Love,The Blues Brothers,The Blues Brothers - Everybody Needs Somebody to Love,AMP | 2022-07-07 | Ad Hoc Blues Rock,
0.7189428028,Ad Hoc Blues Rock,2022-07-07,13,Carolina Blues,Blues Traveler,Blues Traveler - Carolina Blues,AMP | 2022-07-07 | Ad Hoc Blues Rock,
0.2512751143,Ad Hoc Blues Rock,2022-07-07,15,Beast of Burden,The Rolling Stones,The Rolling Stones - Beast of Burden,AMP | 2022-07-07 | Ad Hoc Blues Rock,
0.5960364748,Ad Hoc Blues Rock,2022-07-07,3,Since I've Been Loving You,Led Zeppelin,Led Zeppelin - Since I've Been Loving You,AMP | 2022-07-07 | Ad Hoc Blues Rock,
0.1424063712,Ad Hoc Blues Rock,2022-07-07,16,When the Levee Breaks,Led Zeppelin,Led Zeppelin - When the Levee Breaks,AMP | 2022-07-07 | Ad Hoc Blues Rock,
0.7600374736,Ad Hoc Blues Rock,2022-07-07,14,At The Hundredth Meridian,The Tragically Hip,The Tragically Hip - At The Hundredth Meridian,AMP | 2022-07-07 | Ad Hoc Blues Rock,
0.1740927362,Ad Hoc Blues Rock,2022-07-07,17,I Guest That's Why They Call it The Blues,Elton John,Elton John - I Guest That's Why They Call it The Blues,AMP | 2022-07-07 | Ad Hoc Blues Rock,
0.6941356015,Ad Hoc Blues Rock,2022-07-07,9,How Many More Times,Led Zeppelin,Led Zeppelin - How Many More Times,AMP | 2022-07-07 | Ad Hoc Blues Rock,
0.8065063405,Ad Hoc Blues Rock,2022-07-07,8,Mama Kin,Aerosmith,Aerosmith - Mama Kin,AMP | 2022-07-07 | Ad Hoc Blues Rock,
0.4548679951,Ad Hoc Blues Rock,2022-07-07,4,All Along the Watchtower,The Jimi Hendrix Experience,The Jimi Hendrix Experience - All Along the Watchtower,AMP | 2022-07-07 | Ad Hoc Blues Rock,
0.2862960139,Ad Hoc Blues Rock,2022-07-07,10,Bad To The Bone,George Thorogood,George Thorogood - Bad To The Bone,AMP | 2022-07-07 | Ad Hoc Blues Rock,
0.1551639283,Ad Hoc Blues Rock,2022-07-07,12,La Grange,ZZ Top,ZZ Top - La Grange,AMP | 2022-07-07 | Ad Hoc Blues Rock,
0.1698752026,Ad Hoc Blues Rock,2022-07-07,7,Walkin' The Dog,Aerosmith,Aerosmith - Walkin' The Dog,AMP | 2022-07-07 | Ad Hoc Blues Rock,
0.4700985258,Ad Hoc Blues Rock,2022-07-07,5,Texas Flood,Stevie Ray Vaughn,Stevie Ray Vaughn - Texas Flood,AMP | 2022-07-07 | Ad Hoc Blues Rock,
0.2100166542,Ad Hoc Blues Rock,2022-07-07,6,Can't You Hear Me Knocking,The Rolling Stones,The Rolling Stones - Can't You Hear Me Knocking,AMP | 2022-07-07 | Ad Hoc Blues Rock,
0.9489539411,Ad Hoc Blues Rock,2022-07-07,2,L. A. Woman,The Doors,The Doors - L. A. Woman,AMP | 2022-07-07 | Ad Hoc Blues Rock,
0.3949159618,Ad Hoc Blues Rock,2022-07-07,1,Midnight Rambler,Rolling Stones,Rolling Stones - Midnight Rambler,AMP | 2022-07-07 | Ad Hoc Blues Rock,
0.7501055884,Ad Hoc Rock,2022-07-12,7,The Day I Tried To Live,Soundgarden,Soundgarden - The Day I Tried To Live,AMP | 2022-07-12 | Ad Hoc Rock,
0.6608839212,Ad Hoc Rock,2022-07-12,10,Fascination Street,The Cure,The Cure - Fascination Street,AMP | 2022-07-12 | Ad Hoc Rock,
0.1911047352,Ad Hoc Rock,2022-07-12,14,Ordinary World,Duran Duran,Duran Duran - Ordinary World,AMP | 2022-07-12 | Ad Hoc Rock,
0.4459505127,Ad Hoc Rock,2022-07-12,6,Adolescents,Incubus,Incubus - Adolescents,AMP | 2022-07-12 | Ad Hoc Rock,
0.4214006726,Ad Hoc Rock,2022-07-12,8,My Song,Jerry Cantrell,Jerry Cantrell - My Song,AMP | 2022-07-12 | Ad Hoc Rock,
0.9222595606,Ad Hoc Rock,2022-07-12,11,Sowing The Seeds Of Love,Tears For Fears,Tears For Fears - Sowing The Seeds Of Love,AMP | 2022-07-12 | Ad Hoc Rock,
0.6663551437,Ad Hoc Rock,2022-07-12,12,Words,Missing Persons,Missing Persons - Words,AMP | 2022-07-12 | Ad Hoc Rock,
0.06618244352,Ad Hoc Rock,2022-07-12,18,The Last Song,Poison,Poison - The Last Song,AMP | 2022-07-12 | Ad Hoc Rock,
0.08608465519,Ad Hoc Rock,2022-07-12,13,Our Lips Are Sealed,The Go-Go's,The Go-Go's - Our Lips Are Sealed,AMP | 2022-07-12 | Ad Hoc Rock,
0.08818088,Ad Hoc Rock,2022-07-12,16,The Last Song,Foo Fighters,Foo Fighters - The Last Song,AMP | 2022-07-12 | Ad Hoc Rock,
0.9593873157,Ad Hoc Rock,2022-07-12,1,In Bloom,Nirvana,Nirvana - In Bloom,AMP | 2022-07-12 | Ad Hoc Rock,
0.5568306357,Ad Hoc Rock,2022-07-12,17,The Last Song,The All-American Rejects,The All-American Rejects - The Last Song,AMP | 2022-07-12 | Ad Hoc Rock,
0.9003598628,Ad Hoc Rock,2022-07-12,9,Mysterious Ways,U2,U2 - Mysterious Ways,AMP | 2022-07-12 | Ad Hoc Rock,
0.4859312143,Ad Hoc Rock,2022-07-12,5,Love Is A Long Road,Tom Petty,Tom Petty - Love Is A Long Road,AMP | 2022-07-12 | Ad Hoc Rock,
0.2927007672,Ad Hoc Rock,2022-07-12,4,Walk,Foo Fighters,Foo Fighters - Walk,AMP | 2022-07-12 | Ad Hoc Rock,
0.8987473029,Ad Hoc Rock,2022-07-12,3,Plush,Stone Temple Pilots,Stone Temple Pilots - Plush,AMP | 2022-07-12 | Ad Hoc Rock,
0.3741660994,Ad Hoc Rock,2022-07-12,20,The Last Song,Theory Of A Deadman,Theory Of A Deadman - The Last Song,AMP | 2022-07-12 | Ad Hoc Rock,
0.8932586105,Ad Hoc Rock,2022-07-12,15,The Unforgettable Fire,U2,U2 - The Unforgettable Fire,AMP | 2022-07-12 | Ad Hoc Rock,
0.1018605382,Ad Hoc Rock,2022-07-12,19,The Last Song,Rihanna,Rihanna - The Last Song,AMP | 2022-07-12 | Ad Hoc Rock,
0.9765608402,Ad Hoc Rock,2022-07-12,2,Better Man,Pearl Jam,Pearl Jam - Better Man,AMP | 2022-07-12 | Ad Hoc Rock,
0.3992948444,Ad Hoc Rock,2022-07-14,16,Hang Me Up To Dry,Cold War Kids,Cold War Kids - Hang Me Up To Dry,AMP | 2022-07-14 | Ad Hoc Rock,
0.6506149984,Ad Hoc Rock,2022-07-14,15,Never Let You Go,Third Eye Blind,Third Eye Blind - Never Let You Go,AMP | 2022-07-14 | Ad Hoc Rock,
0.8403379309,Ad Hoc Rock,2022-07-14,11,Gives You Hell,The All-American Rejects,The All-American Rejects - Gives You Hell,AMP | 2022-07-14 | Ad Hoc Rock,
0.6663602492,Ad Hoc Rock,2022-07-14,1,There There,Radiohead,Radiohead - There There,AMP | 2022-07-14 | Ad Hoc Rock,
0.6158760241,Ad Hoc Rock,2022-07-14,14,Uma Thurman,Fall Out Boy,Fall Out Boy - Uma Thurman,AMP | 2022-07-14 | Ad Hoc Rock,
0.53538968,Ad Hoc Rock,2022-07-14,3,Pork And Beans,Weezer,Weezer - Pork And Beans,AMP | 2022-07-14 | Ad Hoc Rock,
0.4993253572,Ad Hoc Rock,2022-07-14,17,An Honest Mistake,The Bravery,The Bravery - An Honest Mistake,AMP | 2022-07-14 | Ad Hoc Rock,
0.3301645396,Ad Hoc Rock,2022-07-14,8,Breaking the Habit,Linkin Park,Linkin Park - Breaking the Habit,AMP | 2022-07-14 | Ad Hoc Rock,
0.860919563,Ad Hoc Rock,2022-07-14,2,Back Against the Wall,Cage The Elephant,Cage The Elephant - Back Against the Wall,AMP | 2022-07-14 | Ad Hoc Rock,
0.3129626445,Ad Hoc Rock,2022-07-14,6,Use Somebody,Kings of Leon,Kings of Leon - Use Somebody,AMP | 2022-07-14 | Ad Hoc Rock,
0.8523219752,Ad Hoc Rock,2022-07-14,12,Finding out True Love is Blind,Louis XIV,Louis XIV - Finding out True Love is Blind,AMP | 2022-07-14 | Ad Hoc Rock,
0.8238971697,Ad Hoc Rock,2022-07-14,9,R U Mine,Arctic Monkeys,Arctic Monkeys - R U Mine,AMP | 2022-07-14 | Ad Hoc Rock,
0.1076340288,Ad Hoc Rock,2022-07-14,5,Adam's Song,blink-182,blink-182 - Adam's Song,AMP | 2022-07-14 | Ad Hoc Rock,
0.2085046818,Ad Hoc Rock,2022-07-14,7,Tomorrow,Silverchair,Silverchair - Tomorrow,AMP | 2022-07-14 | Ad Hoc Rock,
0.489949997,Ad Hoc Rock,2022-07-14,10,Welcome To The Black Parade,My Chemical Romance,My Chemical Romance - Welcome To The Black Parade,AMP | 2022-07-14 | Ad Hoc Rock,
0.4703119623,Ad Hoc Rock,2022-07-14,19,Hysteria,Muse,Muse - Hysteria,AMP | 2022-07-14 | Ad Hoc Rock,
0.0005334679423,Ad Hoc Rock,2022-07-14,4,Prophecy,Remy Zero,Remy Zero - Prophecy,AMP | 2022-07-14 | Ad Hoc Rock,
0.1538028897,Ad Hoc Rock,2022-07-14,13,Spiderwebs,No Doubt,No Doubt - Spiderwebs,AMP | 2022-07-14 | Ad Hoc Rock,
0.2973759042,Ad Hoc Rock,2022-07-14,18,Neighborhood #3,Arcade Fire,Arcade Fire - Neighborhood #3,AMP | 2022-07-14 | Ad Hoc Rock,
0.5742936738,Ad Hoc Rock,2022-07-14,20,The Last Song,Cold War Kids,Cold War Kids - The Last Song,AMP | 2022-07-14 | Ad Hoc Rock,
0.8188820389,Prog Rock Long Rock,2022-07-15,3,Pigs on the Wing 1,Pink Floyd,Pink Floyd - Pigs on the Wing 1,AMP | 2022-07-15 | Prog Rock Long Rock,
0.5549916526,Prog Rock Long Rock,2022-07-15,21,Stereotomy,The Alan Parsons Project,The Alan Parsons Project - Stereotomy,AMP | 2022-07-15 | Prog Rock Long Rock,
0.1448752343,Prog Rock Long Rock,2022-07-15,19,Tusk,Fleetwood Mac,Fleetwood Mac - Tusk,AMP | 2022-07-15 | Prog Rock Long Rock,
0.9651827871,Prog Rock Long Rock,2022-07-15,15,Games Without Frontiers,Peter Gabriel,Peter Gabriel - Games Without Frontiers,AMP | 2022-07-15 | Prog Rock Long Rock,
0.4598159039,Prog Rock Long Rock,2022-07-15,9,Sacrificed Sons,Dream Theater,Dream Theater - Sacrificed Sons,AMP | 2022-07-15 | Prog Rock Long Rock,
0.4999208118,Prog Rock Long Rock,2022-07-15,13,Entre Nous,Rush,Rush - Entre Nous,AMP | 2022-07-15 | Prog Rock Long Rock,
0.2114928904,Prog Rock Long Rock,2022-07-15,6,November Rain,Guns N’ Roses,Guns N’ Roses - November Rain,AMP | 2022-07-15 | Prog Rock Long Rock,
0.739250784,Prog Rock Long Rock,2022-07-15,18,Space Oddity,David Bowie,David Bowie - Space Oddity,AMP | 2022-07-15 | Prog Rock Long Rock,
0.8225205257,Prog Rock Long Rock,2022-07-15,5,Karn Evil 9 1 Impression Part 2,ELP,ELP - Karn Evil 9 1 Impression Part 2,AMP | 2022-07-15 | Prog Rock Long Rock,
0.7779942057,Prog Rock Long Rock,2022-07-15,1,Karn Evil 9 2nd Impression,ELP,ELP - Karn Evil 9 2nd Impression,AMP | 2022-07-15 | Prog Rock Long Rock,
0.5424157703,Prog Rock Long Rock,2022-07-15,7,Terrapin Station,Grateful Dead,Grateful Dead - Terrapin Station,AMP | 2022-07-15 | Prog Rock Long Rock,
0.8451787773,Prog Rock Long Rock,2022-07-15,2,Echoes,Pink Floyd,Pink Floyd - Echoes,AMP | 2022-07-15 | Prog Rock Long Rock,
0.7961304875,Prog Rock Long Rock,2022-07-15,16,Kashmir,Led Zeppelin,Led Zeppelin - Kashmir,AMP | 2022-07-15 | Prog Rock Long Rock,
0.8206636288,Prog Rock Long Rock,2022-07-15,8,Another Day,Dream Theater,Dream Theater - Another Day,AMP | 2022-07-15 | Prog Rock Long Rock,
0.1525880953,Prog Rock Long Rock,2022-07-15,17,Firth of Fifth,Genesis,Genesis - Firth of Fifth,AMP | 2022-07-15 | Prog Rock Long Rock,
0.4063686518,Prog Rock Long Rock,2022-07-15,11,Rikki Don't Lose That Number,Steely Dan,Steely Dan - Rikki Don't Lose That Number,AMP | 2022-07-15 | Prog Rock Long Rock,
0.9065580697,Prog Rock Long Rock,2022-07-15,14,I Don't Remember,Peter Gabriel,Peter Gabriel - I Don't Remember,AMP | 2022-07-15 | Prog Rock Long Rock,
0.6873641998,Prog Rock Long Rock,2022-07-15,12,Us and Them,Pink Floyd,Pink Floyd - Us and Them,AMP | 2022-07-15 | Prog Rock Long Rock,
0.2322640014,Prog Rock Long Rock,2022-07-15,4,Pigs (Three Different Ones),Pink Floyd,Pink Floyd - Pigs (Three Different Ones),AMP | 2022-07-15 | Prog Rock Long Rock,
0.706142851,Prog Rock Long Rock,2022-07-15,10,Jacob's Ladder,Rush,Rush - Jacob's Ladder,AMP | 2022-07-15 | Prog Rock Long Rock,
0.5612462935,Prog Rock Long Rock,2022-07-15,22,Too Old to Rock 'n' Roll: Too Young to Die,Jethro Tull,Jethro Tull - Too Old to Rock 'n' Roll: Too Young to Die,AMP | 2022-07-15 | Prog Rock Long Rock,
0.5195294937,Prog Rock Long Rock,2022-07-15,20,Funeral For A Friend,Elton John,Elton John - Funeral For A Friend,AMP | 2022-07-15 | Prog Rock Long Rock,
0.7846061087,Tiki Bar,2022-07-15,1,Rain,Walter Wanderley,Walter Wanderley - Rain,AMP | 2022-07-15 | Tiki Bar,
0.5753649993,Tiki Bar,2022-07-15,4,Las Nuedas,Martini Kings,Martini Kings - Las Nuedas,AMP | 2022-07-15 | Tiki Bar,
0.7458803867,Tiki Bar,2022-07-15,5,"What'd I Say, Pt. 1 & 2",Ray Charles,"Ray Charles - What'd I Say, Pt. 1 & 2",AMP | 2022-07-15 | Tiki Bar,
0.4644256526,Tiki Bar,2022-07-15,2,Meditation,Walter Wanderley,Walter Wanderley - Meditation,AMP | 2022-07-15 | Tiki Bar,
0.3311026613,Tiki Bar,2022-07-15,7,Breezin',George Benson,George Benson - Breezin',AMP | 2022-07-15 | Tiki Bar,
0.5167407309,Tiki Bar,2022-07-15,3,Return to Moorea,Martini Kings,Martini Kings - Return to Moorea,AMP | 2022-07-15 | Tiki Bar,
0.9733815658,Tiki Bar,2022-07-15,6,Chill Out (Things Gonna Change),John Lee Hooker,John Lee Hooker - Chill Out (Things Gonna Change),AMP | 2022-07-15 | Tiki Bar,
0.9308955081,Ad Hoc Rock,2022-07-18,1,Dreams,Van Halen,Van Halen - Dreams,AMP | 2022-07-18 | Ad Hoc Rock,
0.1574901462,Ad Hoc Rock,2022-07-18,11,Run To You,Bryan Adams,Bryan Adams - Run To You,AMP | 2022-07-18 | Ad Hoc Rock,
0.2760340233,Ad Hoc Rock,2022-07-18,18,Goodbye Elenore,Toto,Toto - Goodbye Elenore,AMP | 2022-07-18 | Ad Hoc Rock,
0.2630454192,Ad Hoc Rock,2022-07-18,5,Yankee Rose,David Lee Roth,David Lee Roth - Yankee Rose,AMP | 2022-07-18 | Ad Hoc Rock,
0.1807058299,Ad Hoc Rock,2022-07-18,17,Foreplay/Long Time,Boston,Boston - Foreplay/Long Time,AMP | 2022-07-18 | Ad Hoc Rock,
0.9410321449,Ad Hoc Rock,2022-07-18,15,Alladin Sane,David Bowie,David Bowie - Alladin Sane,AMP | 2022-07-18 | Ad Hoc Rock,
0.7276613689,Ad Hoc Rock,2022-07-18,7,Kickstart My Heart,Motley Crue,Motley Crue - Kickstart My Heart,AMP | 2022-07-18 | Ad Hoc Rock,
0.936476575,Ad Hoc Rock,2022-07-18,9,Wake Me up When September Ends,Green Day,Green Day - Wake Me up When September Ends,AMP | 2022-07-18 | Ad Hoc Rock,
0.682041004,Ad Hoc Rock,2022-07-18,4,All I Want Is You,U2,U2 - All I Want Is You,AMP | 2022-07-18 | Ad Hoc Rock,
0.4994193025,Ad Hoc Rock,2022-07-18,10,Stay Together For The Kids,blink-182,blink-182 - Stay Together For The Kids,AMP | 2022-07-18 | Ad Hoc Rock,
0.8806024246,Ad Hoc Rock,2022-07-18,16,Panic in Detroit,David Bowie,David Bowie - Panic in Detroit,AMP | 2022-07-18 | Ad Hoc Rock,
0.05701048487,Ad Hoc Rock,2022-07-18,2,Love In An Elevator,Aerosmith,Aerosmith - Love In An Elevator,AMP | 2022-07-18 | Ad Hoc Rock,
0.3557898993,Ad Hoc Rock,2022-07-18,12,Stand,R.E.M.,R.E.M. - Stand,AMP | 2022-07-18 | Ad Hoc Rock,
0.8322193242,Ad Hoc Rock,2022-07-18,6,Welcome To The Jungle,Guns N’ Roses,Guns N’ Roses - Welcome To The Jungle,AMP | 2022-07-18 | Ad Hoc Rock,
0.5302925319,Ad Hoc Rock,2022-07-18,14,Line of Fire,Journey,Journey - Line of Fire,AMP | 2022-07-18 | Ad Hoc Rock,
0.4106016881,Ad Hoc Rock,2022-07-18,3,Wanted Dead or Alive,Bon Jovi,Bon Jovi - Wanted Dead or Alive,AMP | 2022-07-18 | Ad Hoc Rock,
0.8306224866,Ad Hoc Rock,2022-07-18,8,Behind Blue Eyes,The Who,The Who - Behind Blue Eyes,AMP | 2022-07-18 | Ad Hoc Rock,
0.5877202003,Ad Hoc Rock,2022-07-18,13,Wish You Were Here,Incubus,Incubus - Wish You Were Here,AMP | 2022-07-18 | Ad Hoc Rock,
0.5831386953,Such A Tool,2022-07-19,7,All I Know,Karnivool,Karnivool - All I Know,AMP | 2022-07-19 | Such A Tool,
0.02869779446,Such A Tool,2022-07-19,4,Forty Six & 2,Tool,Tool - Forty Six & 2,AMP | 2022-07-19 | Such A Tool,
0.08945537101,Such A Tool,2022-07-19,3,The Hollow,A Perfect Circle,A Perfect Circle - The Hollow,AMP | 2022-07-19 | Such A Tool,
0.5811735066,Such A Tool,2022-07-19,2,Weak And Powerless,A Perfect Circle,A Perfect Circle - Weak And Powerless,AMP | 2022-07-19 | Such A Tool,
0.3625277966,Such A Tool,2022-07-19,6,Stinkfist,Tool,Tool - Stinkfist,AMP | 2022-07-19 | Such A Tool,
0.3874068197,Such A Tool,2022-07-19,8,Digital Bath,Deftones,Deftones - Digital Bath,AMP | 2022-07-19 | Such A Tool,
0.4377567573,Such A Tool,2022-07-19,1,Schism,Tool,Tool - Schism,AMP | 2022-07-19 | Such A Tool,
0.01485910129,Such A Tool,2022-07-19,10,Thoughtless,Korn,Korn - Thoughtless,AMP | 2022-07-19 | Such A Tool,
0.2686716773,Such A Tool,2022-07-19,11,I'm Not Jesus,Apocalyptica,Apocalyptica - I'm Not Jesus,AMP | 2022-07-19 | Such A Tool,
0.5823046218,Such A Tool,2022-07-19,5,"So Long, And Thanks For All The Fish",A Perfect Circle,"A Perfect Circle - So Long, And Thanks For All The Fish",AMP | 2022-07-19 | Such A Tool,
0.5532426002,Such A Tool,2022-07-19,9,Diamond Eyes,Deftones,Deftones - Diamond Eyes,AMP | 2022-07-19 | Such A Tool,
0.6060563108,Ad Hoc Rock A and B sides,2022-07-20,11,Holiday,Green Day,Green Day - Holiday,AMP | 2022-07-20 | Ad Hoc Rock A and B sides,
0.009360931736,Ad Hoc Rock A and B sides,2022-07-20,12,21st Century Breakdown,Green Day,Green Day - 21st Century Breakdown,AMP | 2022-07-20 | Ad Hoc Rock A and B sides,
0.9745189006,Ad Hoc Rock A and B sides,2022-07-20,3,Soma,The Smashing Pumpkins,The Smashing Pumpkins - Soma,AMP | 2022-07-20 | Ad Hoc Rock A and B sides,
0.4868678425,Ad Hoc Rock A and B sides,2022-07-20,4,Rhinoceros,The Smashing Pumpkins,The Smashing Pumpkins - Rhinoceros,AMP | 2022-07-20 | Ad Hoc Rock A and B sides,
0.9159209318,Ad Hoc Rock A and B sides,2022-07-20,7,All I Want,Toad The Wet Sprocket,Toad The Wet Sprocket - All I Want,AMP | 2022-07-20 | Ad Hoc Rock A and B sides,
0.2446751144,Ad Hoc Rock A and B sides,2022-07-20,8,Hold Her Down,Toad The Wet Sprocket,Toad The Wet Sprocket - Hold Her Down,AMP | 2022-07-20 | Ad Hoc Rock A and B sides,
0.03126429566,Ad Hoc Rock A and B sides,2022-07-20,2,Social Cues,Cage The Elephant,Cage The Elephant - Social Cues,AMP | 2022-07-20 | Ad Hoc Rock A and B sides,
0.8766174645,Ad Hoc Rock A and B sides,2022-07-20,13,Wild Wild Life,Talking Heads,Talking Heads - Wild Wild Life,AMP | 2022-07-20 | Ad Hoc Rock A and B sides,
0.7904313864,Ad Hoc Rock A and B sides,2022-07-20,9,Stressed Out,Twenty One Pilots,Twenty One Pilots - Stressed Out,AMP | 2022-07-20 | Ad Hoc Rock A and B sides,
0.8959244121,Ad Hoc Rock A and B sides,2022-07-20,10,Holding on to You,Twenty One Pilots,Twenty One Pilots - Holding on to You,AMP | 2022-07-20 | Ad Hoc Rock A and B sides,
0.3427930957,Ad Hoc Rock A and B sides,2022-07-20,1,Shake Me Down,Cage The Elephant,Cage The Elephant - Shake Me Down,AMP | 2022-07-20 | Ad Hoc Rock A and B sides,
0.3084545085,Ad Hoc Rock A and B sides,2022-07-20,14,Cities,Talking Heads,Talking Heads - Cities,AMP | 2022-07-20 | Ad Hoc Rock A and B sides,
0.9739813249,Ad Hoc Rock A and B sides,2022-07-20,6,Tyler,Toadies,Toadies - Tyler,AMP | 2022-07-20 | Ad Hoc Rock A and B sides,
0.557573891,Ad Hoc Rock A and B sides,2022-07-20,5,Possum Kingdom,Toadies,Toadies - Possum Kingdom,AMP | 2022-07-20 | Ad Hoc Rock A and B sides,
0.08776443879,Sounds of Grunge,2022-07-21,13,I Am The Highway,Audioslave,Audioslave - I Am The Highway,AMP | 2022-07-21 | Sounds of Grunge,
0.7128827511,Sounds of Grunge,2022-07-21,14,Times Like These,Foo Fighters,Foo Fighters - Times Like These,AMP | 2022-07-21 | Sounds of Grunge,
0.6368603124,Sounds of Grunge,2022-07-21,6,Drain You,Nirvana,Nirvana - Drain You,AMP | 2022-07-21 | Sounds of Grunge,
0.4206277989,Sounds of Grunge,2022-07-21,5,Blow Up The Outside World,Soundgarden,Soundgarden - Blow Up The Outside World,AMP | 2022-07-21 | Sounds of Grunge,
0.5403244298,Sounds of Grunge,2022-07-21,10,Big Empty,Stone Temple Pilots,Stone Temple Pilots - Big Empty,AMP | 2022-07-21 | Sounds of Grunge,
0.9209344726,Sounds of Grunge,2022-07-21,4,Burden In My Hand,Soundgarden,Soundgarden - Burden In My Hand,AMP | 2022-07-21 | Sounds of Grunge,
0.769777947,Sounds of Grunge,2022-07-21,7,Pay To Play,Nirvana,Nirvana - Pay To Play,AMP | 2022-07-21 | Sounds of Grunge,
0.86692879,Sounds of Grunge,2022-07-21,1,Alive,Pearl Jam,Pearl Jam - Alive,AMP | 2022-07-21 | Sounds of Grunge,
0.564728452,Sounds of Grunge,2022-07-21,11,Meatplow,Stone Temple Pilots,Stone Temple Pilots - Meatplow,AMP | 2022-07-21 | Sounds of Grunge,
0.01999416464,Sounds of Grunge,2022-07-21,2,Daughter,Pearl Jam,Pearl Jam - Daughter,AMP | 2022-07-21 | Sounds of Grunge,
0.1417509945,Sounds of Grunge,2022-07-21,12,Be Yourself,Audioslave,Audioslave - Be Yourself,AMP | 2022-07-21 | Sounds of Grunge,
0.4260525585,Sounds of Grunge,2022-07-21,8,Rain When I Die,Alice In Chains,Alice In Chains - Rain When I Die,AMP | 2022-07-21 | Sounds of Grunge,
0.4271258128,Sounds of Grunge,2022-07-21,3,Fallout Today,Eddie Vedder,Eddie Vedder - Fallout Today,AMP | 2022-07-21 | Sounds of Grunge,
0.9477214258,Sounds of Grunge,2022-07-21,16,The Last Song,Foo Fighters,Foo Fighters - The Last Song,AMP | 2022-07-21 | Sounds of Grunge,
0.7920874564,Sounds of Grunge,2022-07-21,15,This Is a Call,Foo Fighters,Foo Fighters - This Is a Call,AMP | 2022-07-21 | Sounds of Grunge,
0.09995548704,Sounds of Grunge,2022-07-21,9,"Love, Hate, Love",Alice In Chains,"Alice In Chains - Love, Hate, Love",AMP | 2022-07-21 | Sounds of Grunge,
0.6691666764,Ad Hoc 70s Rock,2022-07-22,26,Rebel Rebel,David Bowie,David Bowie - Rebel Rebel,AMP | 2022-07-22 | Ad Hoc 70s Rock,
0.8414374691,Ad Hoc 70s Rock,2022-07-22,25,Changes,David Bowie,David Bowie - Changes,AMP | 2022-07-22 | Ad Hoc 70s Rock,
0.8328647271,Ad Hoc 70s Rock,2022-07-22,2,Levon,Elton John,Elton John - Levon,AMP | 2022-07-22 | Ad Hoc 70s Rock,
0.1552595095,Ad Hoc 70s Rock,2022-07-22,38,Big Balls,AC/DC,AC/DC - Big Balls,AMP | 2022-07-22 | Ad Hoc 70s Rock,
0.2343789367,Ad Hoc 70s Rock,2022-07-22,35,Day After Day,Badfinger,Badfinger - Day After Day,AMP | 2022-07-22 | Ad Hoc 70s Rock,
0.02069124,Ad Hoc 70s Rock,2022-07-22,8,Rock & Roll Band,Boston,Boston - Rock & Roll Band,AMP | 2022-07-22 | Ad Hoc 70s Rock,
0.675214249,Ad Hoc 70s Rock,2022-07-22,27,The Spirit Of Radio,Rush,Rush - The Spirit Of Radio,AMP | 2022-07-22 | Ad Hoc 70s Rock,
0.3590343819,Ad Hoc 70s Rock,2022-07-22,22,Hungry Heart,Bruce Springsteen,Bruce Springsteen - Hungry Heart,AMP | 2022-07-22 | Ad Hoc 70s Rock,
0.515803551,Ad Hoc 70s Rock,2022-07-22,20,"Hey, Hey, What Can I Do",Led Zeppelin,"Led Zeppelin - Hey, Hey, What Can I Do",AMP | 2022-07-22 | Ad Hoc 70s Rock,
0.1223228769,Ad Hoc 70s Rock,2022-07-22,13,Sign Of The Gypsy Queen,April Wine,April Wine - Sign Of The Gypsy Queen,AMP | 2022-07-22 | Ad Hoc 70s Rock,
0.6608880971,Ad Hoc 70s Rock,2022-07-22,36,Don't Touch Me There,The Tubes,The Tubes - Don't Touch Me There,AMP | 2022-07-22 | Ad Hoc 70s Rock,
0.2911650436,Ad Hoc 70s Rock,2022-07-22,12,Little Dreamer,Van Halen,Van Halen - Little Dreamer,AMP | 2022-07-22 | Ad Hoc 70s Rock,
0.5021640589,Ad Hoc 70s Rock,2022-07-22,28,Fly By Night,Rush,Rush - Fly By Night,AMP | 2022-07-22 | Ad Hoc 70s Rock,
0.8301936606,Ad Hoc 70s Rock,2022-07-22,31,I'm Not Gonna Let It Bother Me Tonight,Atlanta Rhythm Section,Atlanta Rhythm Section - I'm Not Gonna Let It Bother Me Tonight,AMP | 2022-07-22 | Ad Hoc 70s Rock,
0.4799973175,Ad Hoc 70s Rock,2022-07-22,14,Say Hello,April Wine,April Wine - Say Hello,AMP | 2022-07-22 | Ad Hoc 70s Rock,
0.8048673344,Ad Hoc 70s Rock,2022-07-22,15,Lay It on the Line,Triumph,Triumph - Lay It on the Line,AMP | 2022-07-22 | Ad Hoc 70s Rock,
0.7398866417,Ad Hoc 70s Rock,2022-07-22,3,My Best Friend's Girl,The Cars,The Cars - My Best Friend's Girl,AMP | 2022-07-22 | Ad Hoc 70s Rock,
0.8458530541,Ad Hoc 70s Rock,2022-07-22,5,25 or 6 to 4,Chicago,Chicago - 25 or 6 to 4,AMP | 2022-07-22 | Ad Hoc 70s Rock,
0.6864763493,Ad Hoc 70s Rock,2022-07-22,9,Walk This Way,Aerosmith,Aerosmith - Walk This Way,AMP | 2022-07-22 | Ad Hoc 70s Rock,
0.9266425286,Ad Hoc 70s Rock,2022-07-22,17,Surrender,Cheap Trick,Cheap Trick - Surrender,AMP | 2022-07-22 | Ad Hoc 70s Rock,
0.3995750772,Ad Hoc 70s Rock,2022-07-22,19,Over the Hills and Far Away,Led Zeppelin,Led Zeppelin - Over the Hills and Far Away,AMP | 2022-07-22 | Ad Hoc 70s Rock,
0.2317655371,Ad Hoc 70s Rock,2022-07-22,24,It's Over,Boz Scaggs,Boz Scaggs - It's Over,AMP | 2022-07-22 | Ad Hoc 70s Rock,
0.08474123748,Ad Hoc 70s Rock,2022-07-22,37,Detachable Penis,King Missile,King Missile - Detachable Penis,AMP | 2022-07-22 | Ad Hoc 70s Rock,
0.4879376895,Ad Hoc 70s Rock,2022-07-22,23,Lido Shuffle,Boz Scaggs,Boz Scaggs - Lido Shuffle,AMP | 2022-07-22 | Ad Hoc 70s Rock,
0.338084357,Ad Hoc 70s Rock,2022-07-22,18,California Man,Cheap Trick,Cheap Trick - California Man,AMP | 2022-07-22 | Ad Hoc 70s Rock,
0.02532067197,Ad Hoc 70s Rock,2022-07-22,34,Is There Anybody There?,Scorpions,Scorpions - Is There Anybody There?,AMP | 2022-07-22 | Ad Hoc 70s Rock,
0.7541738187,Ad Hoc 70s Rock,2022-07-22,4,You're All I've Got Tonight,The Cars,The Cars - You're All I've Got Tonight,AMP | 2022-07-22 | Ad Hoc 70s Rock,
0.5630049414,Ad Hoc 70s Rock,2022-07-22,1,Philadelphia Freedom,Elton John,Elton John - Philadelphia Freedom,AMP | 2022-07-22 | Ad Hoc 70s Rock,
0.6811262155,Ad Hoc 70s Rock,2022-07-22,11,Beautiful Girls,Van Halen,Van Halen - Beautiful Girls,AMP | 2022-07-22 | Ad Hoc 70s Rock,
0.06970207847,Ad Hoc 70s Rock,2022-07-22,21,Badlands,Bruce Springsteen,Bruce Springsteen - Badlands,AMP | 2022-07-22 | Ad Hoc 70s Rock,
0.002478029841,Ad Hoc 70s Rock,2022-07-22,33,Lovedrive,Scorpions,Scorpions - Lovedrive,AMP | 2022-07-22 | Ad Hoc 70s Rock,
0.3509298157,Ad Hoc 70s Rock,2022-07-22,6,Feelin' Stronger Every Day,Chicago,Chicago - Feelin' Stronger Every Day,AMP | 2022-07-22 | Ad Hoc 70s Rock,
0.1163779948,Ad Hoc 70s Rock,2022-07-22,29,Jackie Blue,The Ozark Mountain Daredevils,The Ozark Mountain Daredevils - Jackie Blue,AMP | 2022-07-22 | Ad Hoc 70s Rock,
0.3367923407,Ad Hoc 70s Rock,2022-07-22,7,Don't Look Back,Boston,Boston - Don't Look Back,AMP | 2022-07-22 | Ad Hoc 70s Rock,
0.5946184572,Ad Hoc 70s Rock,2022-07-22,30,Champagne Jam,Atlanta Rhythm Section,Atlanta Rhythm Section - Champagne Jam,AMP | 2022-07-22 | Ad Hoc 70s Rock,
0.4845252489,Ad Hoc 70s Rock,2022-07-22,16,American Girls,Triumph,Triumph - American Girls,AMP | 2022-07-22 | Ad Hoc 70s Rock,
0.7833562718,Ad Hoc 70s Rock,2022-07-22,32,Don't Fear The Reaper,Blue Oyster Cult,Blue Oyster Cult - Don't Fear The Reaper,AMP | 2022-07-22 | Ad Hoc 70s Rock,
0.6276422235,Ad Hoc 70s Rock,2022-07-22,10,Draw The Line,Aerosmith,Aerosmith - Draw The Line,AMP | 2022-07-22 | Ad Hoc 70s Rock,
0.1909655803,Ad Hoc Rock,2022-07-25,1,Beautiful Disaster,311,311 - Beautiful Disaster,AMP | 2022-07-25 | Ad Hoc Rock,
0.874764176,Ad Hoc Rock,2022-07-25,9,The Dark Of The Matinee,Franz Ferdinand,Franz Ferdinand - The Dark Of The Matinee,AMP | 2022-07-25 | Ad Hoc Rock,
0.3738549302,Ad Hoc Rock,2022-07-25,4,Pork and Beans,Weezer,Weezer - Pork and Beans,AMP | 2022-07-25 | Ad Hoc Rock,
0.4276345657,Ad Hoc Rock,2022-07-25,11,I Predict a Riot,Kaiser Chiefs,Kaiser Chiefs - I Predict a Riot,AMP | 2022-07-25 | Ad Hoc Rock,
0.04643590549,Ad Hoc Rock,2022-07-25,5,Mr. Brightside,The Killers,The Killers - Mr. Brightside,AMP | 2022-07-25 | Ad Hoc Rock,
0.1066505067,Ad Hoc Rock,2022-07-25,2,Flowing,311,311 - Flowing,AMP | 2022-07-25 | Ad Hoc Rock,
0.8155370241,Ad Hoc Rock,2022-07-25,10,40',Franz Ferdinand,Franz Ferdinand - 40',AMP | 2022-07-25 | Ad Hoc Rock,
0.8663243229,Ad Hoc Rock,2022-07-25,8,Do I Wanna Know,Arctic Monkeys,Arctic Monkeys - Do I Wanna Know,AMP | 2022-07-25 | Ad Hoc Rock,
0.671829267,Ad Hoc Rock,2022-07-25,7,R U Mine,Arctic Monkeys,Arctic Monkeys - R U Mine,AMP | 2022-07-25 | Ad Hoc Rock,
0.09090459556,Ad Hoc Rock,2022-07-25,12,Wait,Kaiser Chiefs,Kaiser Chiefs - Wait,AMP | 2022-07-25 | Ad Hoc Rock,
0.7013086684,Ad Hoc Rock,2022-07-25,3,Undone - The Sweater Song,Weezer,Weezer - Undone - The Sweater Song,AMP | 2022-07-25 | Ad Hoc Rock,
0.1860382579,Ad Hoc Rock,2022-07-25,6,Smile Like You Mean It,The Killers,The Killers - Smile Like You Mean It,AMP | 2022-07-25 | Ad Hoc Rock,
0.3392300684,Under The Covers,2022-07-25,1,Dancing in the Streets,Van Halen,Van Halen - Dancing in the Streets,AMP | 2022-07-25 | Under The Covers,
0.1455661084,Under The Covers,2022-07-25,4,Live And Let Die,Guns N’ Roses,Guns N’ Roses - Live And Let Die,AMP | 2022-07-25 | Under The Covers,
0.4483918108,Under The Covers,2022-07-25,3,You Really Got Me,Van Halen,Van Halen - You Really Got Me,AMP | 2022-07-25 | Under The Covers,
0.8586687211,Under The Covers,2022-07-25,5,The Sound of Silence,Disturbed,Disturbed - The Sound of Silence,AMP | 2022-07-25 | Under The Covers,
0.02525273745,Under The Covers,2022-07-25,2,Come Together,Aerosmith,Aerosmith - Come Together,AMP | 2022-07-25 | Under The Covers,
0.9325935731,Under The Covers,2022-07-25,6,Pretty Woman,Van Halen,Van Halen - Pretty Woman,AMP | 2022-07-25 | Under The Covers,
0.02355264123,From Another Planet,2022-07-27,14,Happy Trails,Van Halen,Van Halen - Happy Trails,AMP | 2022-07-27 | From Another Planet,
0.5066982783,From Another Planet,2022-07-27,7,L'Via L'Viaquez,The Mars Volta,The Mars Volta - L'Via L'Viaquez,AMP | 2022-07-27 | From Another Planet,
0.6290759817,From Another Planet,2022-07-27,9,Voyager,Gamma,Gamma - Voyager,AMP | 2022-07-27 | From Another Planet,
0.7067664169,From Another Planet,2022-07-27,13,2112,Rush,Rush - 2112,AMP | 2022-07-27 | From Another Planet,
0.9547306512,From Another Planet,2022-07-27,6,The Road to Utopia,Utopia,Utopia - The Road to Utopia,AMP | 2022-07-27 | From Another Planet,
0.0823429811,From Another Planet,2022-07-27,11,A Passage To Bangkok,Rush,Rush - A Passage To Bangkok,AMP | 2022-07-27 | From Another Planet,
0.07662458371,From Another Planet,2022-07-27,8,Why Me?,Planet P Project,Planet P Project - Why Me?,AMP | 2022-07-27 | From Another Planet,
0.1476722194,From Another Planet,2022-07-27,3,Space Oddity,David Bowie,David Bowie - Space Oddity,AMP | 2022-07-27 | From Another Planet,
0.2643531507,From Another Planet,2022-07-27,2,Venus And Mars,Paul McCartney and Wings,Paul McCartney and Wings - Venus And Mars,AMP | 2022-07-27 | From Another Planet,
0.3378036189,From Another Planet,2022-07-27,1,Life on Mars?,David Bowie,David Bowie - Life on Mars?,AMP | 2022-07-27 | From Another Planet,
0.2279214142,From Another Planet,2022-07-27,10,Starman,David Bowie,David Bowie - Starman,AMP | 2022-07-27 | From Another Planet,
0.6402878915,From Another Planet,2022-07-27,5,Madagascar,Guns N’ Roses,Guns N’ Roses - Madagascar,AMP | 2022-07-27 | From Another Planet,
0.9059081101,From Another Planet,2022-07-27,12,Cygnus X-1 Book II: Hemispheres,Rush,Rush - Cygnus X-1 Book II: Hemispheres,AMP | 2022-07-27 | From Another Planet,
0.4799664229,From Another Planet,2022-07-27,4,Venus,Television,Television - Venus,AMP | 2022-07-27 | From Another Planet,
0.3415464018,I Gots The Grunges,2022-07-28,13,Lounge Fly,Stone Temple Pilots,Stone Temple Pilots - Lounge Fly,AMP | 2022-07-28 | I Gots The Grunges,
0.2456407662,I Gots The Grunges,2022-07-28,7,Fall to Pieces,Velvet Revolver,Velvet Revolver - Fall to Pieces,AMP | 2022-07-28 | I Gots The Grunges,
0.2628886577,I Gots The Grunges,2022-07-28,16,Fare Thee Well,Stone Temple Pilots,Stone Temple Pilots - Fare Thee Well,AMP | 2022-07-28 | I Gots The Grunges,
0.04449524279,I Gots The Grunges,2022-07-28,15,The Last Song,Foo Fighters,Foo Fighters - The Last Song,AMP | 2022-07-28 | I Gots The Grunges,
0.2183033418,I Gots The Grunges,2022-07-28,9,Dive,Nirvana,Nirvana - Dive,AMP | 2022-07-28 | I Gots The Grunges,
0.7602612303,I Gots The Grunges,2022-07-28,8,About A Girl,Nirvana,Nirvana - About A Girl,AMP | 2022-07-28 | I Gots The Grunges,
0.2780101584,I Gots The Grunges,2022-07-28,5,Creep,Stone Temple Pilots,Stone Temple Pilots - Creep,AMP | 2022-07-28 | I Gots The Grunges,
0.4471100969,I Gots The Grunges,2022-07-28,14,Cochise,Audioslave,Audioslave - Cochise,AMP | 2022-07-28 | I Gots The Grunges,
0.04560930512,I Gots The Grunges,2022-07-28,12,Like Suicide,Soundgarden,Soundgarden - Like Suicide,AMP | 2022-07-28 | I Gots The Grunges,
0.2016162209,I Gots The Grunges,2022-07-28,6,Show Me How To Live,Audioslave,Audioslave - Show Me How To Live,AMP | 2022-07-28 | I Gots The Grunges,
0.8206409318,I Gots The Grunges,2022-07-28,2,Smells Like Teen Spirit,Nirvana,Nirvana - Smells Like Teen Spirit,AMP | 2022-07-28 | I Gots The Grunges,
0.3739471936,I Gots The Grunges,2022-07-28,10,Deep,Pearl Jam,Pearl Jam - Deep,AMP | 2022-07-28 | I Gots The Grunges,
0.3947857612,I Gots The Grunges,2022-07-28,4,Outshined,Soundgarden,Soundgarden - Outshined,AMP | 2022-07-28 | I Gots The Grunges,
0.7764383986,I Gots The Grunges,2022-07-28,11,Check My Brain,Alice In Chains,Alice In Chains - Check My Brain,AMP | 2022-07-28 | I Gots The Grunges,
0.9716762873,I Gots The Grunges,2022-07-28,3,I Stay Away,Alice In Chains,Alice In Chains - I Stay Away,AMP | 2022-07-28 | I Gots The Grunges,
0.1582482754,I Gots The Grunges,2022-07-28,1,Jeremy,Pearl Jam,Pearl Jam - Jeremy,AMP | 2022-07-28 | I Gots The Grunges,
0.7853444294,Ad Hoc 70s Rock,2022-07-31,6,Fox On The Run,The Sweet,The Sweet - Fox On The Run,AMP | 2022-07-31 | Ad Hoc 70s Rock,
0.8898430443,Ad Hoc 70s Rock,2022-07-31,3,Hypnotized,Fleetwood Mac,Fleetwood Mac - Hypnotized,AMP | 2022-07-31 | Ad Hoc 70s Rock,
0.007624552696,Ad Hoc 70s Rock,2022-07-31,1,Burn Down The Mission,Elton John,Elton John - Burn Down The Mission,AMP | 2022-07-31 | Ad Hoc 70s Rock,
0.5572276616,Ad Hoc 70s Rock,2022-07-31,4,Couldn't Get It Right,Climax Blues Band,Climax Blues Band - Couldn't Get It Right,AMP | 2022-07-31 | Ad Hoc 70s Rock,
0.7235247346,Ad Hoc 70s Rock,2022-07-31,5,Back On The Road Again,REO Speedwagon,REO Speedwagon - Back On The Road Again,AMP | 2022-07-31 | Ad Hoc 70s Rock,
0.03535112784,Ad Hoc 70s Rock,2022-07-31,2,Saturday in the Park,Chicago,Chicago - Saturday in the Park,AMP | 2022-07-31 | Ad Hoc 70s Rock,
0.9994631345,Ad Hoc Rock,2022-08-01,11,Mia,Aerosmith,Aerosmith - Mia,AMP | 2022-08-01 | Ad Hoc Rock,
0.8908179943,Ad Hoc Rock,2022-08-01,7,Suddenly Last Summer,The Motels,The Motels - Suddenly Last Summer,AMP | 2022-08-01 | Ad Hoc Rock,
0.1467542984,Ad Hoc Rock,2022-08-01,5,Girls on Film,Duran Duran,Duran Duran - Girls on Film,AMP | 2022-08-01 | Ad Hoc Rock,
0.4694134333,Ad Hoc Rock,2022-08-01,8,Angel,Aerosmith,Aerosmith - Angel,AMP | 2022-08-01 | Ad Hoc Rock,
0.1068612839,Ad Hoc Rock,2022-08-01,9,Call Me When You're Sober,Evanescence,Evanescence - Call Me When You're Sober,AMP | 2022-08-01 | Ad Hoc Rock,
0.3330960262,Ad Hoc Rock,2022-08-01,16,Back In The U.S.S.R.,The Beatles,The Beatles - Back In The U.S.S.R.,AMP | 2022-08-01 | Ad Hoc Rock,
0.7613673918,Ad Hoc Rock,2022-08-01,10,You And Me,Alice Cooper,Alice Cooper - You And Me,AMP | 2022-08-01 | Ad Hoc Rock,
0.4187571505,Ad Hoc Rock,2022-08-01,14,Rag Doll,Aerosmith,Aerosmith - Rag Doll,AMP | 2022-08-01 | Ad Hoc Rock,
0.8446558879,Ad Hoc Rock,2022-08-01,1,Women in Love,Van Halen,Van Halen - Women in Love,AMP | 2022-08-01 | Ad Hoc Rock,
0.2575426738,Ad Hoc Rock,2022-08-01,17,Finding Out True Love is Blind,Louis XIV,Louis XIV - Finding Out True Love is Blind,AMP | 2022-08-01 | Ad Hoc Rock,
0.8478308042,Ad Hoc Rock,2022-08-01,13,A Man I'll Never Be,Boston,Boston - A Man I'll Never Be,AMP | 2022-08-01 | Ad Hoc Rock,
0.1948533774,Ad Hoc Rock,2022-08-01,15,Beautiful Girls,Van Halen,Van Halen - Beautiful Girls,AMP | 2022-08-01 | Ad Hoc Rock,
0.8260050576,Ad Hoc Rock,2022-08-01,3,Women,Foreigner,Foreigner - Women,AMP | 2022-08-01 | Ad Hoc Rock,
0.9288920643,Ad Hoc Rock,2022-08-01,12,Beth,Kiss,Kiss - Beth,AMP | 2022-08-01 | Ad Hoc Rock,
0.7258905508,Ad Hoc Rock,2022-08-01,4,She's A Beauty,The Tubes,The Tubes - She's A Beauty,AMP | 2022-08-01 | Ad Hoc Rock,
0.9970298861,Ad Hoc Rock,2022-08-01,2,"Girls, Girls, Girls",Motley Crue,"Motley Crue - Girls, Girls, Girls",AMP | 2022-08-01 | Ad Hoc Rock,
0.7454336739,Ad Hoc Rock,2022-08-01,18,Thank You,Led Zeppelin,Led Zeppelin - Thank You,AMP | 2022-08-01 | Ad Hoc Rock,
0.5071762103,Ad Hoc Rock,2022-08-01,6,She Sheila,The Producers,The Producers - She Sheila,AMP | 2022-08-01 | Ad Hoc Rock,
0.2214663198,Ad Hoc Rock,2022-08-03,5,Same Direction,Hoobastank,Hoobastank - Same Direction,AMP | 2022-08-03 | Ad Hoc Rock,
0.374230481,Ad Hoc Rock,2022-08-03,2,Kings and Queens,Aerosmith,Aerosmith - Kings and Queens,AMP | 2022-08-03 | Ad Hoc Rock,
0.6550242485,Ad Hoc Rock,2022-08-03,9,New Moon on Monday,Duran Duran,Duran Duran - New Moon on Monday,AMP | 2022-08-03 | Ad Hoc Rock,
0.2836739753,Ad Hoc Rock,2022-08-03,10,Is There Something I Should Know,Duran Duran,Duran Duran - Is There Something I Should Know,AMP | 2022-08-03 | Ad Hoc Rock,
0.1577858718,Ad Hoc Rock,2022-08-03,7,Dig,Incubus,Incubus - Dig,AMP | 2022-08-03 | Ad Hoc Rock,
0.2851486834,Ad Hoc Rock,2022-08-03,3,What's My Age Again?,blink-182,blink-182 - What's My Age Again?,AMP | 2022-08-03 | Ad Hoc Rock,
0.9082950964,Ad Hoc Rock,2022-08-03,6,The Reason,Hoobastank,Hoobastank - The Reason,AMP | 2022-08-03 | Ad Hoc Rock,
0.303823635,Ad Hoc Rock,2022-08-03,4,Stay Together For The Kids,blink-182,blink-182 - Stay Together For The Kids,AMP | 2022-08-03 | Ad Hoc Rock,
0.1051641386,Ad Hoc Rock,2022-08-03,1,Janie's Got a Gun,Aerosmith,Aerosmith - Janie's Got a Gun,AMP | 2022-08-03 | Ad Hoc Rock,
0.447440236,Ad Hoc Rock,2022-08-03,8,Anna Molly,Incubus,Incubus - Anna Molly,AMP | 2022-08-03 | Ad Hoc Rock,
0.498847264,The Spinoffs,2022-08-03,1,The Ocean,Led Zeppelin,Led Zeppelin - The Ocean,AMP | 2022-08-03 | The Spinoffs,
0.04876089945,The Spinoffs,2022-08-03,32,The Lost Art Of Keeping A Secret,Queens Of The Stone Age,Queens Of The Stone Age - The Lost Art Of Keeping A Secret,AMP | 2022-08-03 | The Spinoffs,
0.36699718,The Spinoffs,2022-08-03,5,Solsbury Hill,Peter Gabriel,Peter Gabriel - Solsbury Hill,AMP | 2022-08-03 | The Spinoffs,
0.1989450738,The Spinoffs,2022-08-03,20,Sunshine Of Your Love,Cream,Cream - Sunshine Of Your Love,AMP | 2022-08-03 | The Spinoffs,
0.9046505168,The Spinoffs,2022-08-03,25,Nobody Told Me,John Lennon,John Lennon - Nobody Told Me,AMP | 2022-08-03 | The Spinoffs,
0.6449947977,The Spinoffs,2022-08-03,21,Bell Bottom Blues,Derek & The Dominos,Derek & The Dominos - Bell Bottom Blues,AMP | 2022-08-03 | The Spinoffs,
0.4539544081,The Spinoffs,2022-08-03,23,Something In The Air,Gamma,Gamma - Something In The Air,AMP | 2022-08-03 | The Spinoffs,
0.4073265788,The Spinoffs,2022-08-03,6,Easy Lover,Phil Collins,Phil Collins - Easy Lover,AMP | 2022-08-03 | The Spinoffs,
0.9638778246,The Spinoffs,2022-08-03,15,Just A Gigolo,David Lee Roth,David Lee Roth - Just A Gigolo,AMP | 2022-08-03 | The Spinoffs,
0.1508366037,The Spinoffs,2022-08-03,14,Unchained,Van Halen,Van Halen - Unchained,AMP | 2022-08-03 | The Spinoffs,
0.1040166274,The Spinoffs,2022-08-03,34,Happy Trails,Van Halen,Van Halen - Happy Trails,AMP | 2022-08-03 | The Spinoffs,
0.05926176091,The Spinoffs,2022-08-03,11,Under a Raging Moon,Roger Daltrey,Roger Daltrey - Under a Raging Moon,AMP | 2022-08-03 | The Spinoffs,
0.7544868438,The Spinoffs,2022-08-03,27,What Is Life,George Harrison,George Harrison - What Is Life,AMP | 2022-08-03 | The Spinoffs,
0.8285471055,The Spinoffs,2022-08-03,33,DOA,Foo Fighters,Foo Fighters - DOA,AMP | 2022-08-03 | The Spinoffs,
0.2429220433,The Spinoffs,2022-08-03,7,Sweet Child O' Mine,Guns N’ Roses,Guns N’ Roses - Sweet Child O' Mine,AMP | 2022-08-03 | The Spinoffs,
0.03629332012,The Spinoffs,2022-08-03,12,Wicked Garden,Stone Temple Pilots,Stone Temple Pilots - Wicked Garden,AMP | 2022-08-03 | The Spinoffs,
0.9272859699,The Spinoffs,2022-08-03,17,There's Only One Way To Rock,Sammy Hagar,Sammy Hagar - There's Only One Way To Rock,AMP | 2022-08-03 | The Spinoffs,
0.9527705234,The Spinoffs,2022-08-03,26,Live And Let Die,Paul McCartney and Wings,Paul McCartney and Wings - Live And Let Die,AMP | 2022-08-03 | The Spinoffs,
0.1477457111,The Spinoffs,2022-08-03,9,Behind Blue Eyes,The Who,The Who - Behind Blue Eyes,AMP | 2022-08-03 | The Spinoffs,
0.2416804949,The Spinoffs,2022-08-03,13,Fall to Pieces,Velvet Revolver,Velvet Revolver - Fall to Pieces,AMP | 2022-08-03 | The Spinoffs,
0.4510114762,The Spinoffs,2022-08-03,24,"Ob-La-Di, Ob-La-Da",The Beatles,"The Beatles - Ob-La-Di, Ob-La-Da",AMP | 2022-08-03 | The Spinoffs,
0.6286737814,The Spinoffs,2022-08-03,31,Dumb,Nirvana,Nirvana - Dumb,AMP | 2022-08-03 | The Spinoffs,
0.4757525252,The Spinoffs,2022-08-03,19,Dirty Blvd.,Lou Reed,Lou Reed - Dirty Blvd.,AMP | 2022-08-03 | The Spinoffs,
0.6810625126,The Spinoffs,2022-08-03,10,Let My Love Open The Door,Pete Townshend,Pete Townshend - Let My Love Open The Door,AMP | 2022-08-03 | The Spinoffs,
0.2679814677,The Spinoffs,2022-08-03,22,Bad Motor Scooter,Montrose,Montrose - Bad Motor Scooter,AMP | 2022-08-03 | The Spinoffs,
0.2973121723,The Spinoffs,2022-08-03,8,Dirty Little Thing,Velvet Revolver,Velvet Revolver - Dirty Little Thing,AMP | 2022-08-03 | The Spinoffs,
0.7513276139,The Spinoffs,2022-08-03,4,The Lamb Lies Down on Broadway,Genesis,Genesis - The Lamb Lies Down on Broadway,AMP | 2022-08-03 | The Spinoffs,
0.3194749528,The Spinoffs,2022-08-03,29,Monkey Man,The Rolling Stones,The Rolling Stones - Monkey Man,AMP | 2022-08-03 | The Spinoffs,
0.9301814593,The Spinoffs,2022-08-03,18,Sweet Jane,The Velvet Underground,The Velvet Underground - Sweet Jane,AMP | 2022-08-03 | The Spinoffs,
0.09109363536,The Spinoffs,2022-08-03,28,Photograph,Ringo Starr,Ringo Starr - Photograph,AMP | 2022-08-03 | The Spinoffs,
0.3657021378,The Spinoffs,2022-08-03,16,Right Now,Van Halen,Van Halen - Right Now,AMP | 2022-08-03 | The Spinoffs,
0.538235875,The Spinoffs,2022-08-03,30,Take It So Hard,Keith Richards,Keith Richards - Take It So Hard,AMP | 2022-08-03 | The Spinoffs,
0.8881752676,The Spinoffs,2022-08-03,3,Someone to Love,The Firm,The Firm - Someone to Love,AMP | 2022-08-03 | The Spinoffs,
0.9688154456,The Spinoffs,2022-08-03,2,Far Post,Robert Plant,Robert Plant - Far Post,AMP | 2022-08-03 | The Spinoffs,
0.1373567744,Filling The Void,2022-08-04,6,Fooling Yourself,Styx,Styx - Fooling Yourself,AMP | 2022-08-04 | Filling The Void,
0.7974450036,Filling The Void,2022-08-04,8,More Than a Feeling,Boston,Boston - More Than a Feeling,AMP | 2022-08-04 | Filling The Void,
0.7390241304,Filling The Void,2022-08-04,1,Wanted Dead Or Alive,Bon Jovi,Bon Jovi - Wanted Dead Or Alive,AMP | 2022-08-04 | Filling The Void,
0.6075989104,Filling The Void,2022-08-04,2,Rikki Don't Lose That Number,Steely Dan,Steely Dan - Rikki Don't Lose That Number,AMP | 2022-08-04 | Filling The Void,
0.005398661007,Filling The Void,2022-08-04,7,A Life of Illusion,Joe Walsh,Joe Walsh - A Life of Illusion,AMP | 2022-08-04 | Filling The Void,
0.6733160313,Filling The Void,2022-08-04,5,When the Levee Breaks,Led Zeppelin,Led Zeppelin - When the Levee Breaks,AMP | 2022-08-04 | Filling The Void,
0.4044358936,Filling The Void,2022-08-04,9,Hey Jude,The Beatles,The Beatles - Hey Jude,AMP | 2022-08-04 | Filling The Void,
0.3581489526,Filling The Void,2022-08-04,3,Listen to the Music,The Doobie Brothers,The Doobie Brothers - Listen to the Music,AMP | 2022-08-04 | Filling The Void,
0.4838723991,Filling The Void,2022-08-04,4,Golden Country,REO Speedwagon,REO Speedwagon - Golden Country,AMP | 2022-08-04 | Filling The Void,
0.7842885919,Here We Go Again,2022-08-04,3,Just like Heaven,The Cure,The Cure - Just like Heaven,AMP | 2022-08-04 | Here We Go Again,
0.9066555025,Here We Go Again,2022-08-04,4,A Forest,The Cure,The Cure - A Forest,AMP | 2022-08-04 | Here We Go Again,
0.1801171878,Here We Go Again,2022-08-04,2,Who Do You Want To Be,Oingo Boingo,Oingo Boingo - Who Do You Want To Be,AMP | 2022-08-04 | Here We Go Again,
0.09187904977,Here We Go Again,2022-08-04,1,Only A Lad,Oingo Boingo,Oingo Boingo - Only A Lad,AMP | 2022-08-04 | Here We Go Again,
0.2458430347,Here We Go Again,2022-08-04,8,Dreadlock Holiday,10cc,10cc - Dreadlock Holiday,AMP | 2022-08-04 | Here We Go Again,
0.1371464529,Here We Go Again,2022-08-04,6,Head Over Heels,The Go-Go's,The Go-Go's - Head Over Heels,AMP | 2022-08-04 | Here We Go Again,
0.3659486297,Here We Go Again,2022-08-04,17,Bringin' On The Heartbreak,Def Leppard,Def Leppard - Bringin' On The Heartbreak,AMP | 2022-08-04 | Here We Go Again,
0.0925416955,Here We Go Again,2022-08-04,18,Women,Def Leppard,Def Leppard - Women,AMP | 2022-08-04 | Here We Go Again,
0.2011674174,Here We Go Again,2022-08-04,7,The Things We Do For Love,10cc,10cc - The Things We Do For Love,AMP | 2022-08-04 | Here We Go Again,
0.7719026985,Here We Go Again,2022-08-04,5,Our Lips Are Sealed,The Go-Go's,The Go-Go's - Our Lips Are Sealed,AMP | 2022-08-04 | Here We Go Again,
0.03444369827,Here We Go Again,2022-08-04,12,Sing Me Away,Night Ranger,Night Ranger - Sing Me Away,AMP | 2022-08-04 | Here We Go Again,
0.5232699463,Here We Go Again,2022-08-04,14,Even The Losers,Tom Petty,Tom Petty - Even The Losers,AMP | 2022-08-04 | Here We Go Again,
0.6633032858,Here We Go Again,2022-08-04,15,TVC15,David Bowie,David Bowie - TVC15,AMP | 2022-08-04 | Here We Go Again,
0.2772689701,Here We Go Again,2022-08-04,10,Still of the Night,Whitesnake,Whitesnake - Still of the Night,AMP | 2022-08-04 | Here We Go Again,
0.8293688376,Here We Go Again,2022-08-04,16,Young Americans,David Bowie,David Bowie - Young Americans,AMP | 2022-08-04 | Here We Go Again,
0.6804394577,Here We Go Again,2022-08-04,11,(You Can Still) Rock In America,Night Ranger,Night Ranger - (You Can Still) Rock In America,AMP | 2022-08-04 | Here We Go Again,
0.3741227564,Here We Go Again,2022-08-04,9,Here I Go Again,Whitesnake,Whitesnake - Here I Go Again,AMP | 2022-08-04 | Here We Go Again,
0.771436677,Here We Go Again,2022-08-04,13,Don't Do Me Like That,Tom Petty,Tom Petty - Don't Do Me Like That,AMP | 2022-08-04 | Here We Go Again,
0.9938003595,Ad Hoc Rock,2022-08-05,3,Something About You,Boston,Boston - Something About You,AMP | 2022-08-05 | Ad Hoc Rock,
0.933517726,Ad Hoc Rock,2022-08-05,6,The Analog Kid,Rush,Rush - The Analog Kid,AMP | 2022-08-05 | Ad Hoc Rock,
0.6364663956,Ad Hoc Rock,2022-08-05,2,You Shook Me All Night Long,AC/DC,AC/DC - You Shook Me All Night Long,AMP | 2022-08-05 | Ad Hoc Rock,
0.3593220284,Ad Hoc Rock,2022-08-05,5,5150,Van Halen,Van Halen - 5150,AMP | 2022-08-05 | Ad Hoc Rock,
0.007488303511,Ad Hoc Rock,2022-08-05,1,Run Like Hell,Pink Floyd,Pink Floyd - Run Like Hell,AMP | 2022-08-05 | Ad Hoc Rock,
0.9868299398,Ad Hoc Rock,2022-08-05,7,Comfortably Numb,Pink Floyd,Pink Floyd - Comfortably Numb,AMP | 2022-08-05 | Ad Hoc Rock,
0.1079976831,Ad Hoc Rock,2022-08-05,4,Cabo Wabo,Van Halen,Van Halen - Cabo Wabo,AMP | 2022-08-05 | Ad Hoc Rock,
0.442321301,AHR Take Two,2022-08-06,7,Lover Boy,Supertramp,Supertramp - Lover Boy,AMP | 2022-08-06 | AHR Take Two,
0.2723776689,AHR Take Two,2022-08-06,3,The Real Me,The Who,The Who - The Real Me,AMP | 2022-08-06 | AHR Take Two,
0.4815740515,AHR Take Two,2022-08-06,9,Kashmir,Led Zeppelin,Led Zeppelin - Kashmir,AMP | 2022-08-06 | AHR Take Two,
0.3588066501,AHR Take Two,2022-08-06,5,In the Cage,Genesis,Genesis - In the Cage,AMP | 2022-08-06 | AHR Take Two,
0.4194780182,AHR Take Two,2022-08-06,10,Happy Trails,Van Halen,Van Halen - Happy Trails,AMP | 2022-08-06 | AHR Take Two,
0.9105271074,AHR Take Two,2022-08-06,2,We're Not Gonna Take It,The Who,The Who - We're Not Gonna Take It,AMP | 2022-08-06 | AHR Take Two,
0.1363575962,AHR Take Two,2022-08-06,8,Perpetual Change,Yes,Yes - Perpetual Change,AMP | 2022-08-06 | AHR Take Two,
0.5895217034,AHR Take Two,2022-08-06,4,The Lamb Lies Down on Broadway,Genesis,Genesis - The Lamb Lies Down on Broadway,AMP | 2022-08-06 | AHR Take Two,
0.142885327,AHR Take Two,2022-08-06,6,Lady,Supertramp,Supertramp - Lady,AMP | 2022-08-06 | AHR Take Two,
0.5990157363,AHR Take Two,2022-08-06,1,Tommy Can You Hear Me,The Who,The Who - Tommy Can You Hear Me,AMP | 2022-08-06 | AHR Take Two,
0.4614430915,Ad Hoc Rock,2022-08-07,14,The Reason,Hoobastank,Hoobastank - The Reason,AMP | 2022-08-07 | Ad Hoc Rock,
0.2826650944,Ad Hoc Rock,2022-08-07,2,Just,Radiohead,Radiohead - Just,AMP | 2022-08-07 | Ad Hoc Rock,
0.4676862213,Ad Hoc Rock,2022-08-07,19,Talk To Ya Later,The Tubes,The Tubes - Talk To Ya Later,AMP | 2022-08-07 | Ad Hoc Rock,
0.5080308692,Ad Hoc Rock,2022-08-07,10,Alright,Supergrass,Supergrass - Alright,AMP | 2022-08-07 | Ad Hoc Rock,
0.4500526466,Ad Hoc Rock,2022-08-07,16,Fall On Me,R.E.M.,R.E.M. - Fall On Me,AMP | 2022-08-07 | Ad Hoc Rock,
0.7172144379,Ad Hoc Rock,2022-08-07,12,Sun Hits The Sky,Supergrass,Supergrass - Sun Hits The Sky,AMP | 2022-08-07 | Ad Hoc Rock,
0.2458232833,Ad Hoc Rock,2022-08-07,9,Imperial Bodybags,Manic Street Preachers,Manic Street Preachers - Imperial Bodybags,AMP | 2022-08-07 | Ad Hoc Rock,
0.8311808161,Ad Hoc Rock,2022-08-07,4,Girls & Boys,Blur,Blur - Girls & Boys,AMP | 2022-08-07 | Ad Hoc Rock,
0.5494970111,Ad Hoc Rock,2022-08-07,15,Same Direction,Hoobastank,Hoobastank - Same Direction,AMP | 2022-08-07 | Ad Hoc Rock,
0.2148087381,Ad Hoc Rock,2022-08-07,11,Pumping On Your Stereo,Supergrass,Supergrass - Pumping On Your Stereo,AMP | 2022-08-07 | Ad Hoc Rock,
0.1527282448,Ad Hoc Rock,2022-08-07,3,There There,Radiohead,Radiohead - There There,AMP | 2022-08-07 | Ad Hoc Rock,
0.1011785532,Ad Hoc Rock,2022-08-07,13,Beautiful Day,U2,U2 - Beautiful Day,AMP | 2022-08-07 | Ad Hoc Rock,
0.645557799,Ad Hoc Rock,2022-08-07,5,Coffee & TV,Blur,Blur - Coffee & TV,AMP | 2022-08-07 | Ad Hoc Rock,
0.7057643737,Ad Hoc Rock,2022-08-07,20,Mondo Bondage,The Tubes,The Tubes - Mondo Bondage,AMP | 2022-08-07 | Ad Hoc Rock,
0.8074317474,Ad Hoc Rock,2022-08-07,1,Paranoid Android,Radiohead,Radiohead - Paranoid Android,AMP | 2022-08-07 | Ad Hoc Rock,
0.4693934214,Ad Hoc Rock,2022-08-07,18,Black And White Town,Doves,Doves - Black And White Town,AMP | 2022-08-07 | Ad Hoc Rock,
0.7554657506,Ad Hoc Rock,2022-08-07,6,Tender,Blur,Blur - Tender,AMP | 2022-08-07 | Ad Hoc Rock,
0.7040428475,Ad Hoc Rock,2022-08-07,17,Novacaine For The Soul,Eels,Eels - Novacaine For The Soul,AMP | 2022-08-07 | Ad Hoc Rock,
0.7491114906,Ad Hoc Rock,2022-08-07,7,A Design for Life,Manic Street Preachers,Manic Street Preachers - A Design for Life,AMP | 2022-08-07 | Ad Hoc Rock,
0.3943700253,Ad Hoc Rock,2022-08-07,8,Australia,Manic Street Preachers,Manic Street Preachers - Australia,AMP | 2022-08-07 | Ad Hoc Rock,
0.6179826023,AHR Short Set,2022-08-09,7,Cigarette Daydreams,Cage The Elephant,Cage The Elephant - Cigarette Daydreams,AMP | 2022-08-09 | AHR Short Set,
0.06253874996,AHR Short Set,2022-08-09,5,No One Knows,Queens Of The Stone Age,Queens Of The Stone Age - No One Knows,AMP | 2022-08-09 | AHR Short Set,
0.9668869545,AHR Short Set,2022-08-09,4,Times Like These,Foo Fighters,Foo Fighters - Times Like These,AMP | 2022-08-09 | AHR Short Set,
0.7322643888,AHR Short Set,2022-08-09,6,The Ghost At Number One,Jellyfish,Jellyfish - The Ghost At Number One,AMP | 2022-08-09 | AHR Short Set,
0.3935071539,AHR Short Set,2022-08-09,2,Come Out and Play,The Offspring,The Offspring - Come Out and Play,AMP | 2022-08-09 | AHR Short Set,
0.9435327432,AHR Short Set,2022-08-09,3,Breaking the Habit,Linkin Park,Linkin Park - Breaking the Habit,AMP | 2022-08-09 | AHR Short Set,
0.8447075702,AHR Short Set,2022-08-09,1,I Will Buy You A New Life,Everclear,Everclear - I Will Buy You A New Life,AMP | 2022-08-09 | AHR Short Set,
0.05124971067,Ad Hoc Rock,2022-08-12,2,Fight the Good Fight,Triumph,Triumph - Fight the Good Fight,AMP | 2022-08-12 | Ad Hoc Rock,
0.2427912187,Ad Hoc Rock,2022-08-12,7,Who's Behind The Door,Zebra,Zebra - Who's Behind The Door,AMP | 2022-08-12 | Ad Hoc Rock,
0.2838813471,Ad Hoc Rock,2022-08-12,3,There's Only One Way To Rock,Sammy Hagar,Sammy Hagar - There's Only One Way To Rock,AMP | 2022-08-12 | Ad Hoc Rock,
0.5794702401,Ad Hoc Rock,2022-08-12,5,Let It Go,Def Leppard,Def Leppard - Let It Go,AMP | 2022-08-12 | Ad Hoc Rock,
0.1022950565,Ad Hoc Rock,2022-08-12,8,A Life of Illusion,Joe Walsh,Joe Walsh - A Life of Illusion,AMP | 2022-08-12 | Ad Hoc Rock,
0.6397642308,Ad Hoc Rock,2022-08-12,6,Going To California,Dread Zeppelin,Dread Zeppelin - Going To California,AMP | 2022-08-12 | Ad Hoc Rock,
0.6604913911,Ad Hoc Rock,2022-08-12,4,So This Is Love?,Van Halen,Van Halen - So This Is Love?,AMP | 2022-08-12 | Ad Hoc Rock,
0.358041386,Ad Hoc Rock,2022-08-12,1,Tom Sawyer,Rush,Rush - Tom Sawyer,AMP | 2022-08-12 | Ad Hoc Rock,
0.7703223461,Ad Hoc Rock,2022-08-13,17,White Punks On Dope,The Tubes,The Tubes - White Punks On Dope,AMP | 2022-08-13 | Ad Hoc Rock,
0.8921303769,Ad Hoc Rock,2022-08-13,2,Round Here,Counting Crows,Counting Crows - Round Here,AMP | 2022-08-13 | Ad Hoc Rock,
0.8688539408,Ad Hoc Rock,2022-08-13,1,Low,Cracker,Cracker - Low,AMP | 2022-08-13 | Ad Hoc Rock,
0.8376474937,Ad Hoc Rock,2022-08-13,8,Lonely Boy,The Black Keys,The Black Keys - Lonely Boy,AMP | 2022-08-13 | Ad Hoc Rock,
0.5025979188,Ad Hoc Rock,2022-08-13,10,Trust Yourself,Blue Rodeo,Blue Rodeo - Trust Yourself,AMP | 2022-08-13 | Ad Hoc Rock,
0.4928152366,Ad Hoc Rock,2022-08-13,6,Already Gone,Eagles,Eagles - Already Gone,AMP | 2022-08-13 | Ad Hoc Rock,
0.7158888685,Ad Hoc Rock,2022-08-13,15,Madman Across The Water,Elton John,Elton John - Madman Across The Water,AMP | 2022-08-13 | Ad Hoc Rock,
0.7641374844,Ad Hoc Rock,2022-08-13,12,You Wreck Me,Tom Petty,Tom Petty - You Wreck Me,AMP | 2022-08-13 | Ad Hoc Rock,
0.1653175109,Ad Hoc Rock,2022-08-13,3,Wiser Time,The Black Crowes,The Black Crowes - Wiser Time,AMP | 2022-08-13 | Ad Hoc Rock,
0.6060034239,Ad Hoc Rock,2022-08-13,9,A Common Disaster,Cowboy Junkies,Cowboy Junkies - A Common Disaster,AMP | 2022-08-13 | Ad Hoc Rock,
0.4980778543,Ad Hoc Rock,2022-08-13,13,Up On Cripple Creek,The Band,The Band - Up On Cripple Creek,AMP | 2022-08-13 | Ad Hoc Rock,
0.8839089254,Ad Hoc Rock,2022-08-13,7,Start Choppin,Dinosaur Jr.,Dinosaur Jr. - Start Choppin,AMP | 2022-08-13 | Ad Hoc Rock,
0.5146938661,Ad Hoc Rock,2022-08-13,5,Ahead By A Century,The Tragically Hip,The Tragically Hip - Ahead By A Century,AMP | 2022-08-13 | Ad Hoc Rock,
0.2034231789,Ad Hoc Rock,2022-08-13,4,Backwater,Meat Puppets,Meat Puppets - Backwater,AMP | 2022-08-13 | Ad Hoc Rock,
0.3868401205,Ad Hoc Rock,2022-08-13,14,Amnesia,The Tubes,The Tubes - Amnesia,AMP | 2022-08-13 | Ad Hoc Rock,
0.657829678,Ad Hoc Rock,2022-08-13,11,And She Was,Talking Heads,Talking Heads - And She Was,AMP | 2022-08-13 | Ad Hoc Rock,
0.9854588038,Ad Hoc Rock,2022-08-13,16,Sugar Cane,Sonic Youth,Sonic Youth - Sugar Cane,AMP | 2022-08-13 | Ad Hoc Rock,
0.1096967367,The wind down,2022-08-14,1,Carouselambra,Led Zeppelin,Led Zeppelin - Carouselambra,AMP | 2022-08-14 | The wind down,
0.4753319446,The wind down,2022-08-14,8,He Is,Ghost,Ghost - He Is,AMP | 2022-08-14 | The wind down,
0.6692751222,The wind down,2022-08-14,5,Sea Of Sorrow,Alice In Chains,Alice In Chains - Sea Of Sorrow,AMP | 2022-08-14 | The wind down,
0.2975424107,The wind down,2022-08-14,6,Thoughtless,Korn,Korn - Thoughtless,AMP | 2022-08-14 | The wind down,
0.4899909064,The wind down,2022-08-14,7,Scalpel,Alice In Chains,Alice In Chains - Scalpel,AMP | 2022-08-14 | The wind down,
0.5543271852,The wind down,2022-08-14,2,Three Days,Jane’s Addiction,Jane’s Addiction - Three Days,AMP | 2022-08-14 | The wind down,
0.03344038516,The wind down,2022-08-14,3,Ballad of Dwight Fry,Alice Cooper,Alice Cooper - Ballad of Dwight Fry,AMP | 2022-08-14 | The wind down,
0.4607940425,The wind down,2022-08-14,4,Just a Man,Faith No More,Faith No More - Just a Man,AMP | 2022-08-14 | The wind down,
0.1188649706,Ad Hoc Rock,2022-08-16,10,I Want You (She's So Heavy),The Beatles,The Beatles - I Want You (She's So Heavy),AMP | 2022-08-16 | Ad Hoc Rock,
0.7795631351,Ad Hoc Rock,2022-08-16,4,Southern Girls,Cheap Trick,Cheap Trick - Southern Girls,AMP | 2022-08-16 | Ad Hoc Rock,
0.5613761941,Ad Hoc Rock,2022-08-16,14,Jacob's Ladder,Rush,Rush - Jacob's Ladder,AMP | 2022-08-16 | Ad Hoc Rock,
0.1179610164,Ad Hoc Rock,2022-08-16,2,Red Barchetta,Rush,Rush - Red Barchetta,AMP | 2022-08-16 | Ad Hoc Rock,
0.1061279799,Ad Hoc Rock,2022-08-16,6,Lights Out,UFO,UFO - Lights Out,AMP | 2022-08-16 | Ad Hoc Rock,
0.2689120565,Ad Hoc Rock,2022-08-16,3,I Like To Rock,April Wine,April Wine - I Like To Rock,AMP | 2022-08-16 | Ad Hoc Rock,
0.9097357808,Ad Hoc Rock,2022-08-16,18,Something About You,Boston,Boston - Something About You,AMP | 2022-08-16 | Ad Hoc Rock,
0.8077428244,Ad Hoc Rock,2022-08-16,8,The Low Spark Of High-Heeled Boys,Traffic,Traffic - The Low Spark Of High-Heeled Boys,AMP | 2022-08-16 | Ad Hoc Rock,
0.62368119,Ad Hoc Rock,2022-08-16,5,Stop This Game,Cheap Trick,Cheap Trick - Stop This Game,AMP | 2022-08-16 | Ad Hoc Rock,
0.3249657492,Ad Hoc Rock,2022-08-16,15,Throwing Stones,Grateful Dead,Grateful Dead - Throwing Stones,AMP | 2022-08-16 | Ad Hoc Rock,
0.4560095476,Ad Hoc Rock,2022-08-16,11,Bat Out of Hell,Meat Loaf,Meat Loaf - Bat Out of Hell,AMP | 2022-08-16 | Ad Hoc Rock,
0.6525898786,Ad Hoc Rock,2022-08-16,16,Wish You Were Here,Pink Floyd,Pink Floyd - Wish You Were Here,AMP | 2022-08-16 | Ad Hoc Rock,
0.5767355454,Ad Hoc Rock,2022-08-16,12,Gonna Raise Hell,Cheap Trick,Cheap Trick - Gonna Raise Hell,AMP | 2022-08-16 | Ad Hoc Rock,
0.4170966703,Ad Hoc Rock,2022-08-16,7,Love Reign O'er Me,The Who,The Who - Love Reign O'er Me,AMP | 2022-08-16 | Ad Hoc Rock,
0.1790630656,Ad Hoc Rock,2022-08-16,1,One Man Army,Our Lady Peace,Our Lady Peace - One Man Army,AMP | 2022-08-16 | Ad Hoc Rock,
0.1800175951,Ad Hoc Rock,2022-08-16,17,Have a Cigar,Pink Floyd,Pink Floyd - Have a Cigar,AMP | 2022-08-16 | Ad Hoc Rock,
0.09345814091,Ad Hoc Rock,2022-08-16,13,Dreams I'll Never See,Molly Hatchett,Molly Hatchett - Dreams I'll Never See,AMP | 2022-08-16 | Ad Hoc Rock,
0.2767860615,Ad Hoc Rock,2022-08-16,9,Miss You,The Rolling Stones,The Rolling Stones - Miss You,AMP | 2022-08-16 | Ad Hoc Rock,
0.3960832131,AHR: A Few Songs,2022-08-17,3,Sunday Bloody Sunday,U2,U2 - Sunday Bloody Sunday,AMP | 2022-08-17 | AHR: A Few Songs,
0.4715583106,AHR: A Few Songs,2022-08-17,5,Radio Free Europe,R.E.M.,R.E.M. - Radio Free Europe,AMP | 2022-08-17 | AHR: A Few Songs,
0.1690156576,AHR: A Few Songs,2022-08-17,4,Minority,Green Day,Green Day - Minority,AMP | 2022-08-17 | AHR: A Few Songs,
0.4609859351,AHR: A Few Songs,2022-08-17,6,Don't Touch Me There,The Tubes,The Tubes - Don't Touch Me There,AMP | 2022-08-17 | AHR: A Few Songs,
0.8095762381,AHR: A Few Songs,2022-08-17,2,In One Ear,Cage The Elephant,Cage The Elephant - In One Ear,AMP | 2022-08-17 | AHR: A Few Songs,
0.6000744636,AHR: A Few Songs,2022-08-17,1,Pompeii,Bastille,Bastille - Pompeii,AMP | 2022-08-17 | AHR: A Few Songs,
0.7931470028,Ad Hoc Rock,2022-08-21,17,Alone Again,Dokken,Dokken - Alone Again,AMP | 2022-08-21 | Ad Hoc Rock,
0.5205080765,Ad Hoc Rock,2022-08-21,3,Holiday,Scorpions,Scorpions - Holiday,AMP | 2022-08-21 | Ad Hoc Rock,
0.9518505696,Ad Hoc Rock,2022-08-21,6,Heading Out to the Highway,Judas Priest,Judas Priest - Heading Out to the Highway,AMP | 2022-08-21 | Ad Hoc Rock,
0.3640091048,Ad Hoc Rock,2022-08-21,12,Piece Of My Heart,Sammy Hagar,Sammy Hagar - Piece Of My Heart,AMP | 2022-08-21 | Ad Hoc Rock,
0.414811042,Ad Hoc Rock,2022-08-21,5,Some Heads Are Gonna Roll,Judas Priest,Judas Priest - Some Heads Are Gonna Roll,AMP | 2022-08-21 | Ad Hoc Rock,
0.4739104343,Ad Hoc Rock,2022-08-21,14,Rock and Roll Ain't Noise Pollution,AC/DC,AC/DC - Rock and Roll Ain't Noise Pollution,AMP | 2022-08-21 | Ad Hoc Rock,
0.779456356,Ad Hoc Rock,2022-08-21,10,Destroyer,The Kinks,The Kinks - Destroyer,AMP | 2022-08-21 | Ad Hoc Rock,
0.6562500688,Ad Hoc Rock,2022-08-21,8,On Through The Night,Def Leppard,Def Leppard - On Through The Night,AMP | 2022-08-21 | Ad Hoc Rock,
0.6531199014,Ad Hoc Rock,2022-08-21,9,Around the Dial,The Kinks,The Kinks - Around the Dial,AMP | 2022-08-21 | Ad Hoc Rock,
0.6320769883,Ad Hoc Rock,2022-08-21,15,Screaming in the Night,Krokus,Krokus - Screaming in the Night,AMP | 2022-08-21 | Ad Hoc Rock,
0.8663427296,Ad Hoc Rock,2022-08-21,1,Dirty Deeds Done Dirt Cheap,AC/DC,AC/DC - Dirty Deeds Done Dirt Cheap,AMP | 2022-08-21 | Ad Hoc Rock,
0.415636989,Ad Hoc Rock,2022-08-21,13,Leave It,Yes,Yes - Leave It,AMP | 2022-08-21 | Ad Hoc Rock,
0.7506818097,Ad Hoc Rock,2022-08-21,7,Bringin' On The Heartbreak,Def Leppard,Def Leppard - Bringin' On The Heartbreak,AMP | 2022-08-21 | Ad Hoc Rock,
0.9446646406,Ad Hoc Rock,2022-08-21,18,In The Evening,Led Zeppelin,Led Zeppelin - In The Evening,AMP | 2022-08-21 | Ad Hoc Rock,
0.3720327243,Ad Hoc Rock,2022-08-21,19,Good Night,Kanye West,Kanye West - Good Night,AMP | 2022-08-21 | Ad Hoc Rock,
0.0007407887386,Ad Hoc Rock,2022-08-21,2,Love at First Feel,AC/DC,AC/DC - Love at First Feel,AMP | 2022-08-21 | Ad Hoc Rock,
0.3836422136,Ad Hoc Rock,2022-08-21,11,Heavy Metal,Sammy Hagar,Sammy Hagar - Heavy Metal,AMP | 2022-08-21 | Ad Hoc Rock,
0.9468163978,Ad Hoc Rock,2022-08-21,4,Animal Magnetism,Scorpions,Scorpions - Animal Magnetism,AMP | 2022-08-21 | Ad Hoc Rock,
0.7199051065,Ad Hoc Rock,2022-08-21,16,Modern Day Cowboy,Tesla,Tesla - Modern Day Cowboy,AMP | 2022-08-21 | Ad Hoc Rock,
0.9983976107,AHR Rock B Sides until 13:00,2022-08-21,6,Live for Today,Toto,Toto - Live for Today,AMP | 2022-08-21 | AHR Rock B Sides until 13:00,
0.09212509294,AHR Rock B Sides until 13:00,2022-08-21,5,Truganini,Midnight Oil,Midnight Oil - Truganini,AMP | 2022-08-21 | AHR Rock B Sides until 13:00,
0.0730172921,AHR Rock B Sides until 13:00,2022-08-21,9,In My Head,Queens of the Stone Age,Queens of the Stone Age - In My Head,AMP | 2022-08-21 | AHR Rock B Sides until 13:00,
0.7107112115,AHR Rock B Sides until 13:00,2022-08-21,8,Death Valley Nights,Blue Oyster Cult,Blue Oyster Cult - Death Valley Nights,AMP | 2022-08-21 | AHR Rock B Sides until 13:00,
0.9335804257,AHR Rock B Sides until 13:00,2022-08-21,3,Gimme Some Slack,The Cars,The Cars - Gimme Some Slack,AMP | 2022-08-21 | AHR Rock B Sides until 13:00,
0.7754412674,AHR Rock B Sides until 13:00,2022-08-21,2,Entre Nous,Rush,Rush - Entre Nous,AMP | 2022-08-21 | AHR Rock B Sides until 13:00,
0.5746957791,AHR Rock B Sides until 13:00,2022-08-21,10,Manic Mechanic,ZZ Top,ZZ Top - Manic Mechanic,AMP | 2022-08-21 | AHR Rock B Sides until 13:00,
0.6177440766,AHR Rock B Sides until 13:00,2022-08-21,4,"Gone, Gone, Gone",Bad Company,"Bad Company - Gone, Gone, Gone",AMP | 2022-08-21 | AHR Rock B Sides until 13:00,
0.0825429707,AHR Rock B Sides until 13:00,2022-08-21,7,Combination,Aerosmith,Aerosmith - Combination,AMP | 2022-08-21 | AHR Rock B Sides until 13:00,
0.4083440919,AHR Rock B Sides until 13:00,2022-08-21,1,Little Dreamer,Van Halen,Van Halen - Little Dreamer,AMP | 2022-08-21 | AHR Rock B Sides until 13:00,
0.5291498807,Ad Hoc Rock,2022-08-24,8,Is There Something I Should Know?,Duran Duran,Duran Duran - Is There Something I Should Know?,AMP | 2022-08-24 | Ad Hoc Rock,
0.66261602,Ad Hoc Rock,2022-08-24,7,Synchronicity II,The Police,The Police - Synchronicity II,AMP | 2022-08-24 | Ad Hoc Rock,
0.6077726351,Ad Hoc Rock,2022-08-24,15,Spacehog,Spacehog,Spacehog - Spacehog,AMP | 2022-08-24 | Ad Hoc Rock,
0.3777771922,Ad Hoc Rock,2022-08-24,13,Lay Your Head Down,Screaming Trees,Screaming Trees - Lay Your Head Down,AMP | 2022-08-24 | Ad Hoc Rock,
0.4596041285,Ad Hoc Rock,2022-08-24,9,Under The Bridge,Red Hot Chili Peppers,Red Hot Chili Peppers - Under The Bridge,AMP | 2022-08-24 | Ad Hoc Rock,
0.1543902795,Ad Hoc Rock,2022-08-24,6,Stay,Oingo Boingo,Oingo Boingo - Stay,AMP | 2022-08-24 | Ad Hoc Rock,
0.531139984,Ad Hoc Rock,2022-08-24,1,West End Girls,Pet Shop Boys,Pet Shop Boys - West End Girls,AMP | 2022-08-24 | Ad Hoc Rock,
0.6139726712,Ad Hoc Rock,2022-08-24,14,Clumsy,Our Lady Peace,Our Lady Peace - Clumsy,AMP | 2022-08-24 | Ad Hoc Rock,
0.8996795981,Ad Hoc Rock,2022-08-24,11,In the Meantime,Spacehog,Spacehog - In the Meantime,AMP | 2022-08-24 | Ad Hoc Rock,
0.4898509113,Ad Hoc Rock,2022-08-24,3,Something About You,Level 42,Level 42 - Something About You,AMP | 2022-08-24 | Ad Hoc Rock,
0.6407345525,Ad Hoc Rock,2022-08-24,5,Doctor! Doctor!,The Thompson Twins,The Thompson Twins - Doctor! Doctor!,AMP | 2022-08-24 | Ad Hoc Rock,
0.9954227825,Ad Hoc Rock,2022-08-24,12,Tones of Home,Blind Melon,Blind Melon - Tones of Home,AMP | 2022-08-24 | Ad Hoc Rock,
0.830286253,Ad Hoc Rock,2022-08-24,10,Saint Joe On The School Bus,Marcy Playground,Marcy Playground - Saint Joe On The School Bus,AMP | 2022-08-24 | Ad Hoc Rock,
0.1589845378,Ad Hoc Rock,2022-08-24,2,Relax,Frankie Goes To Hollywood,Frankie Goes To Hollywood - Relax,AMP | 2022-08-24 | Ad Hoc Rock,
0.2872280664,Ad Hoc Rock,2022-08-24,4,Things Can Only Get Better,Howard Jones,Howard Jones - Things Can Only Get Better,AMP | 2022-08-24 | Ad Hoc Rock,
0.3441616935,AHR After Hours,2022-08-25,8,Closer To The Heart,Rush,Rush - Closer To The Heart,AMP | 2022-08-25 | AHR After Hours,
0.2929230851,AHR After Hours,2022-08-25,1,Riders on the Storm,The Doors,The Doors - Riders on the Storm,AMP | 2022-08-25 | AHR After Hours,
0.8772864879,AHR After Hours,2022-08-25,10,Iron Man,Black Sabbath,Black Sabbath - Iron Man,AMP | 2022-08-25 | AHR After Hours,
0.1672074927,AHR After Hours,2022-08-25,7,Harmony,Elton John,Elton John - Harmony,AMP | 2022-08-25 | AHR After Hours,
0.6959580939,AHR After Hours,2022-08-25,4,Thunder Road,Bruce Springsteen,Bruce Springsteen - Thunder Road,AMP | 2022-08-25 | AHR After Hours,
0.6405980835,AHR After Hours,2022-08-25,6,New Kid in Town,Eagles,Eagles - New Kid in Town,AMP | 2022-08-25 | AHR After Hours,
0.9752929023,AHR After Hours,2022-08-25,9,I Love You,Climax Blues Band,Climax Blues Band - I Love You,AMP | 2022-08-25 | AHR After Hours,
0.6137722547,AHR After Hours,2022-08-25,3,How Many More Times,Led Zeppelin,Led Zeppelin - How Many More Times,AMP | 2022-08-25 | AHR After Hours,
0.4294336514,AHR After Hours,2022-08-25,5,Funk #49,The James Gang,The James Gang - Funk #49,AMP | 2022-08-25 | AHR After Hours,
0.8260571274,AHR After Hours,2022-08-25,2,Love Reign O'er Me,The Who,The Who - Love Reign O'er Me,AMP | 2022-08-25 | AHR After Hours,
0.2157795238,Ad Hoc Rock until 2:00 PT,2022-08-26,4,Be Quiet and Drive (Far Away),Deftones,Deftones - Be Quiet and Drive (Far Away),AMP | 2022-08-26 | Ad Hoc Rock until 2:00 PT,
0.6187913594,Ad Hoc Rock until 2:00 PT,2022-08-26,1,Coming Undone,Korn,Korn - Coming Undone,AMP | 2022-08-26 | Ad Hoc Rock until 2:00 PT,
0.2687862843,Ad Hoc Rock until 2:00 PT,2022-08-26,6,Children of the Sea,Black Sabbath,Black Sabbath - Children of the Sea,AMP | 2022-08-26 | Ad Hoc Rock until 2:00 PT,
0.8467367182,Ad Hoc Rock until 2:00 PT,2022-08-26,5,Another Rainy Night (Without You),Queensryche,Queensryche - Another Rainy Night (Without You),AMP | 2022-08-26 | Ad Hoc Rock until 2:00 PT,
0.2803568687,Ad Hoc Rock until 2:00 PT,2022-08-26,7,You Could Be Mine,Guns N Roses,Guns N Roses - You Could Be Mine,AMP | 2022-08-26 | Ad Hoc Rock until 2:00 PT,
0.7965677654,Ad Hoc Rock until 2:00 PT,2022-08-26,3,Ritual,Ghost,Ghost - Ritual,AMP | 2022-08-26 | Ad Hoc Rock until 2:00 PT,
0.1367112271,Ad Hoc Rock until 2:00 PT,2022-08-26,8,Bat Country,Avenged Sevenfold,Avenged Sevenfold - Bat Country,AMP | 2022-08-26 | Ad Hoc Rock until 2:00 PT,
0.9668325475,Ad Hoc Rock until 2:00 PT,2022-08-26,2,Diary Of A Madman,Ozzy Osbourne,Ozzy Osbourne - Diary Of A Madman,AMP | 2022-08-26 | Ad Hoc Rock until 2:00 PT,
0.2697306264,Ad Hoc Rock,2022-08-28,3,"Hold Me, Thrill Me, Kiss Me, Kill Me",U2,"U2 - Hold Me, Thrill Me, Kiss Me, Kill Me",AMP | 2022-08-28 | Ad Hoc Rock,
0.7652587383,Ad Hoc Rock,2022-08-28,2,Right Now,Van Halen,Van Halen - Right Now,AMP | 2022-08-28 | Ad Hoc Rock,
0.3272769022,Ad Hoc Rock,2022-08-28,9,Pressure,Billy Joel,Billy Joel - Pressure,AMP | 2022-08-28 | Ad Hoc Rock,
0.6191022607,Ad Hoc Rock,2022-08-28,7,The Things We Do For Love,10cc,10cc - The Things We Do For Love,AMP | 2022-08-28 | Ad Hoc Rock,
0.6956851032,Ad Hoc Rock,2022-08-28,12,The Man,The Killers,The Killers - The Man,AMP | 2022-08-28 | Ad Hoc Rock,
0.9702527606,Ad Hoc Rock,2022-08-28,11,Tunnel of You,Cannons,Cannons - Tunnel of You,AMP | 2022-08-28 | Ad Hoc Rock,
0.4929268546,Ad Hoc Rock,2022-08-28,4,Mysterious Ways,U2,U2 - Mysterious Ways,AMP | 2022-08-28 | Ad Hoc Rock,
0.9524975327,Ad Hoc Rock,2022-08-28,8,Dead Leaves and the Dirty Ground,The White Stripes,The White Stripes - Dead Leaves and the Dirty Ground,AMP | 2022-08-28 | Ad Hoc Rock,
0.6078866466,Ad Hoc Rock,2022-08-28,5,Suspicious Minds,Elvis,Elvis - Suspicious Minds,AMP | 2022-08-28 | Ad Hoc Rock,
0.80280505,Ad Hoc Rock,2022-08-28,13,Go Back,"Tony Allen, Damon Albarn","Tony Allen, Damon Albarn - Go Back",AMP | 2022-08-28 | Ad Hoc Rock,
0.4954428905,Ad Hoc Rock,2022-08-28,1,Women in Love,Van Halen,Van Halen - Women in Love,AMP | 2022-08-28 | Ad Hoc Rock,
0.8364468359,Ad Hoc Rock,2022-08-28,10,Scenes from an Italian Restaurant,Billy Joel,Billy Joel - Scenes from an Italian Restaurant,AMP | 2022-08-28 | Ad Hoc Rock,
0.6948930273,Ad Hoc Rock,2022-08-28,6,Hole Hearted,Extreme,Extreme - Hole Hearted,AMP | 2022-08-28 | Ad Hoc Rock,
0.9775850101,AHR Grunge: The Quiet Storm,2022-08-29,5,Elderly Woman Behind the Counter,Pearl Jam,Pearl Jam - Elderly Woman Behind the Counter,AMP | 2022-08-29 | AHR Grunge: The Quiet Storm,
0.2576187432,AHR Grunge: The Quiet Storm,2022-08-29,10,Daughter,Pearl Jam,Pearl Jam - Daughter,AMP | 2022-08-29 | AHR Grunge: The Quiet Storm,
0.7585868494,AHR Grunge: The Quiet Storm,2022-08-29,11,Over Now,Alice In Chains,Alice In Chains - Over Now,AMP | 2022-08-29 | AHR Grunge: The Quiet Storm,
0.4262938867,AHR Grunge: The Quiet Storm,2022-08-29,3,Sour Girl,Stone Temple Pilots,Stone Temple Pilots - Sour Girl,AMP | 2022-08-29 | AHR Grunge: The Quiet Storm,
0.5243910121,AHR Grunge: The Quiet Storm,2022-08-29,6,Aurora,Foo Fighters,Foo Fighters - Aurora,AMP | 2022-08-29 | AHR Grunge: The Quiet Storm,
0.3705574855,AHR Grunge: The Quiet Storm,2022-08-29,1,Heaven Beside You,Alice In Chains,Alice In Chains - Heaven Beside You,AMP | 2022-08-29 | AHR Grunge: The Quiet Storm,
0.4599677371,AHR Grunge: The Quiet Storm,2022-08-29,2,Yellow Ledbetter,Pearl Jam,Pearl Jam - Yellow Ledbetter,AMP | 2022-08-29 | AHR Grunge: The Quiet Storm,
0.5616962635,AHR Grunge: The Quiet Storm,2022-08-29,4,Where Did You Sleep Last Night (acoustic),Nirvana,Nirvana - Where Did You Sleep Last Night (acoustic),AMP | 2022-08-29 | AHR Grunge: The Quiet Storm,
0.4221391071,AHR Grunge: The Quiet Storm,2022-08-29,12,Fare Thee Well,Stone Temple Pilots,Stone Temple Pilots - Fare Thee Well,AMP | 2022-08-29 | AHR Grunge: The Quiet Storm,
0.3609201911,AHR Grunge: The Quiet Storm,2022-08-29,8,The Man Who Sold The World,Nirvana,Nirvana - The Man Who Sold The World,AMP | 2022-08-29 | AHR Grunge: The Quiet Storm,
0.340232789,AHR Grunge: The Quiet Storm,2022-08-29,7,Lady Picture Show,Stone Temple Pilots,Stone Temple Pilots - Lady Picture Show,AMP | 2022-08-29 | AHR Grunge: The Quiet Storm,
0.642308444,AHR Grunge: The Quiet Storm,2022-08-29,9,I Am The Highway,Audioslave,Audioslave - I Am The Highway,AMP | 2022-08-29 | AHR Grunge: The Quiet Storm,
0.8573336742,AHR: Flecking Around,2022-08-30,4,Entre Olas,Juan Serrano,Juan Serrano - Entre Olas,AMP | 2022-08-30 | AHR: Flecking Around,
0.2031173303,AHR: Flecking Around,2022-08-30,1,Big Country,Bela Fleck & The Flecktones,Bela Fleck & The Flecktones - Big Country,AMP | 2022-08-30 | AHR: Flecking Around,
0.6350006315,AHR: Flecking Around,2022-08-30,6,Bird with Beastlike Qualities,"Eva Scow, Dusty Brough","Eva Scow, Dusty Brough - Bird with Beastlike Qualities",AMP | 2022-08-30 | AHR: Flecking Around,
0.4021643899,AHR: Flecking Around,2022-08-30,2,Flight of the Cosmic Hippo,Bela Fleck & The Flecktones,Bela Fleck & The Flecktones - Flight of the Cosmic Hippo,AMP | 2022-08-30 | AHR: Flecking Around,
0.3245803504,AHR: Flecking Around,2022-08-30,3,Utah,"Eva Scow, Dusty Brough","Eva Scow, Dusty Brough - Utah",AMP | 2022-08-30 | AHR: Flecking Around,
0.8733481455,AHR: Flecking Around,2022-08-30,5,The Sinister Minister,Bela Fleck & The Flecktones,Bela Fleck & The Flecktones - The Sinister Minister,AMP | 2022-08-30 | AHR: Flecking Around,
0.1186545278,Testosterone Replacement Therapy,2022-08-31,4,Infected,Bad Religion,Bad Religion - Infected,AMP | 2022-08-31 | Testosterone Replacement Therapy,
0.3885699389,Testosterone Replacement Therapy,2022-08-31,1,Welcome To The Jungle,Guns N’ Roses,Guns N’ Roses - Welcome To The Jungle,AMP | 2022-08-31 | Testosterone Replacement Therapy,
0.3033020449,Testosterone Replacement Therapy,2022-08-31,6,Sex Type Thing,Stone Temple Pilots,Stone Temple Pilots - Sex Type Thing,AMP | 2022-08-31 | Testosterone Replacement Therapy,
0.4855580199,Testosterone Replacement Therapy,2022-08-31,7,96 Quite Bitter Beings,CKY,CKY - 96 Quite Bitter Beings,AMP | 2022-08-31 | Testosterone Replacement Therapy,
0.6179689664,Testosterone Replacement Therapy,2022-08-31,3,Shake a Leg,AC/DC,AC/DC - Shake a Leg,AMP | 2022-08-31 | Testosterone Replacement Therapy,
0.4651412512,Testosterone Replacement Therapy,2022-08-31,9,Big Balls,AC/DC,AC/DC - Big Balls,AMP | 2022-08-31 | Testosterone Replacement Therapy,
0.04267140727,Testosterone Replacement Therapy,2022-08-31,2,Back In The Saddle,Aerosmith,Aerosmith - Back In The Saddle,AMP | 2022-08-31 | Testosterone Replacement Therapy,
0.8237971928,Testosterone Replacement Therapy,2022-08-31,5,Salvation,Rancid,Rancid - Salvation,AMP | 2022-08-31 | Testosterone Replacement Therapy,
0.9354819304,Testosterone Replacement Therapy,2022-08-31,8,Whole Lotta Love,Led Zeppelin,Led Zeppelin - Whole Lotta Love,AMP | 2022-08-31 | Testosterone Replacement Therapy,
0.2858448538,It Came From Fresno,2022-09-01,8,People Like Us,Talking Heads,Talking Heads - People Like Us,AMP | 2022-09-01 | It Came From Fresno,
0.06587399976,It Came From Fresno,2022-09-01,3,Cocaine Cowboy,Terry Allen,Terry Allen - Cocaine Cowboy,AMP | 2022-09-01 | It Came From Fresno,
0.8911284065,It Came From Fresno,2022-09-01,6,Patio Gitano,Juan Serrano,Juan Serrano - Patio Gitano,AMP | 2022-09-01 | It Came From Fresno,
0.8762460744,It Came From Fresno,2022-09-01,5,Pica Pica,"Eva Scow, Dusty Brough","Eva Scow, Dusty Brough - Pica Pica",AMP | 2022-09-01 | It Came From Fresno,
0.2747378932,It Came From Fresno,2022-09-01,10,Gone To Texas,Terry Allen,Terry Allen - Gone To Texas,AMP | 2022-09-01 | It Came From Fresno,
0.3651683385,It Came From Fresno,2022-09-01,4,Wild Wild Life,Talking Heads,Talking Heads - Wild Wild Life,AMP | 2022-09-01 | It Came From Fresno,
0.4321456703,It Came From Fresno,2022-09-01,9,I Shot the Sheriff,"Jay Smith Group, Patrick Contreras","Jay Smith Group, Patrick Contreras - I Shot the Sheriff",AMP | 2022-09-01 | It Came From Fresno,
0.9475699508,It Came From Fresno,2022-09-01,2,Doing It the Hard Way,"Patrick Contreras, Steve Ono","Patrick Contreras, Steve Ono - Doing It the Hard Way",AMP | 2022-09-01 | It Came From Fresno,
0.1236458295,It Came From Fresno,2022-09-01,7,Gonna California,Terry Allen,Terry Allen - Gonna California,AMP | 2022-09-01 | It Came From Fresno,
0.9008103758,It Came From Fresno,2022-09-01,1,Utah,"Eva Scow, Dusty Brough","Eva Scow, Dusty Brough - Utah",AMP | 2022-09-01 | It Came From Fresno,
0.2543296786,Ad Hoc Rock until 15:00 PDT,2022-09-02,7,Synchronicity I,The Police,The Police - Synchronicity I,AMP | 2022-09-02 | Ad Hoc Rock until 15:00 PDT,
0.9585861597,Ad Hoc Rock until 15:00 PDT,2022-09-02,4,The Road & Maria,Joe Getty & The Dead Flowers,Joe Getty & The Dead Flowers - The Road & Maria,AMP | 2022-09-02 | Ad Hoc Rock until 15:00 PDT,
0.3288047044,Ad Hoc Rock until 15:00 PDT,2022-09-02,2,Alladin Sane,David Bowie,David Bowie - Alladin Sane,AMP | 2022-09-02 | Ad Hoc Rock until 15:00 PDT,
0.9397618104,Ad Hoc Rock until 15:00 PDT,2022-09-02,5,Idiot Box,Incubus,Incubus - Idiot Box,AMP | 2022-09-02 | Ad Hoc Rock until 15:00 PDT,
0.5728795844,Ad Hoc Rock until 15:00 PDT,2022-09-02,1,Misty Mountain Hop,Led Zeppelin,Led Zeppelin - Misty Mountain Hop,AMP | 2022-09-02 | Ad Hoc Rock until 15:00 PDT,
0.1849601914,Ad Hoc Rock until 15:00 PDT,2022-09-02,8,Judith,A Perfect Circle,A Perfect Circle - Judith,AMP | 2022-09-02 | Ad Hoc Rock until 15:00 PDT,
0.827533032,Ad Hoc Rock until 15:00 PDT,2022-09-02,9,Sober,Tool,Tool - Sober,AMP | 2022-09-02 | Ad Hoc Rock until 15:00 PDT,
0.9742025333,Ad Hoc Rock until 15:00 PDT,2022-09-02,10,Lazy Eye,Silversun Pickups,Silversun Pickups - Lazy Eye,AMP | 2022-09-02 | Ad Hoc Rock until 15:00 PDT,
0.5343258039,Ad Hoc Rock until 15:00 PDT,2022-09-02,6,Miss Gradenko,The Police,The Police - Miss Gradenko,AMP | 2022-09-02 | Ad Hoc Rock until 15:00 PDT,
0.9837803573,Ad Hoc Rock until 15:00 PDT,2022-09-02,3,Two Princes,Spin Doctors,Spin Doctors - Two Princes,AMP | 2022-09-02 | Ad Hoc Rock until 15:00 PDT,
0.3672886162,Ad Hoc Rock,2022-09-03,9,Drink in My Hand,Eric Church,Eric Church - Drink in My Hand,AMP | 2022-09-03 | Ad Hoc Rock,
0.4452201557,Ad Hoc Rock,2022-09-03,5,Whipping Post,The Allman Brothers Band,The Allman Brothers Band - Whipping Post,AMP | 2022-09-03 | Ad Hoc Rock,
0.5361408712,Ad Hoc Rock,2022-09-03,3,Funk #48,The James Gang,The James Gang - Funk #48,AMP | 2022-09-03 | Ad Hoc Rock,
0.7446455106,Ad Hoc Rock,2022-09-03,11,Breathe (In the Air),Pink Floyd,Pink Floyd - Breathe (In the Air),AMP | 2022-09-03 | Ad Hoc Rock,
0.8420037817,Ad Hoc Rock,2022-09-03,1,Long White Line,Sturgill Simpson,Sturgill Simpson - Long White Line,AMP | 2022-09-03 | Ad Hoc Rock,
0.263649789,Ad Hoc Rock,2022-09-03,10,Wild-Eyed Southern Boys,38 Special,38 Special - Wild-Eyed Southern Boys,AMP | 2022-09-03 | Ad Hoc Rock,
0.9527313591,Ad Hoc Rock,2022-09-03,4,Funk #49,The James Gang,The James Gang - Funk #49,AMP | 2022-09-03 | Ad Hoc Rock,
0.8451940835,Ad Hoc Rock,2022-09-03,6,Torn And Frayed,The Rolling Stones,The Rolling Stones - Torn And Frayed,AMP | 2022-09-03 | Ad Hoc Rock,
0.4643818768,Ad Hoc Rock,2022-09-03,7,Tangled up in Blue,Bob Dylan,Bob Dylan - Tangled up in Blue,AMP | 2022-09-03 | Ad Hoc Rock,
0.1678902064,Ad Hoc Rock,2022-09-03,2,Sing Along,Sturgill Simpson,Sturgill Simpson - Sing Along,AMP | 2022-09-03 | Ad Hoc Rock,
0.4026063619,Ad Hoc Rock,2022-09-03,8,Country Comfort,Elton John,Elton John - Country Comfort,AMP | 2022-09-03 | Ad Hoc Rock,
0.8427942328,Ad Hoc Rock: In Labor,2022-09-05,1,Working In The Coal Mine,Devo,Devo - Working In The Coal Mine,AMP | 2022-09-05 | Ad Hoc Rock: In Labor,
0.3078771159,Ad Hoc Rock: In Labor,2022-09-05,10,Up All Night,The Boomtown Rats,The Boomtown Rats - Up All Night,AMP | 2022-09-05 | Ad Hoc Rock: In Labor,
0.2876228452,Ad Hoc Rock: In Labor,2022-09-05,8,Darlington County,Bruce Springsteen,Bruce Springsteen - Darlington County,AMP | 2022-09-05 | Ad Hoc Rock: In Labor,
0.7471830424,Ad Hoc Rock: In Labor,2022-09-05,7,Keep Pushin',REO Speedwagon,REO Speedwagon - Keep Pushin',AMP | 2022-09-05 | Ad Hoc Rock: In Labor,
0.4788419985,Ad Hoc Rock: In Labor,2022-09-05,4,Labour of Love,The Kinks,The Kinks - Labour of Love,AMP | 2022-09-05 | Ad Hoc Rock: In Labor,
0.4483686316,Ad Hoc Rock: In Labor,2022-09-05,9,Blue Collar Man (Long Nights),Styx,Styx - Blue Collar Man (Long Nights),AMP | 2022-09-05 | Ad Hoc Rock: In Labor,
0.8927124483,Ad Hoc Rock: In Labor,2022-09-05,3,9 to 5,Dolly Parton,Dolly Parton - 9 to 5,AMP | 2022-09-05 | Ad Hoc Rock: In Labor,
0.5986034744,Ad Hoc Rock: In Labor,2022-09-05,13,Blue Collar,Bachman-Turner Overdrive,Bachman-Turner Overdrive - Blue Collar,AMP | 2022-09-05 | Ad Hoc Rock: In Labor,
0.1980900243,Ad Hoc Rock: In Labor,2022-09-05,11,Working for the Weekend,Loverboy,Loverboy - Working for the Weekend,AMP | 2022-09-05 | Ad Hoc Rock: In Labor,
0.6630789019,Ad Hoc Rock: In Labor,2022-09-05,12,Only,Nine Inch Nails,Nine Inch Nails - Only,AMP | 2022-09-05 | Ad Hoc Rock: In Labor,
0.1981695516,Ad Hoc Rock: In Labor,2022-09-05,2,The Way You Do The Things You Do,UB40,UB40 - The Way You Do The Things You Do,AMP | 2022-09-05 | Ad Hoc Rock: In Labor,
0.2321010809,Ad Hoc Rock: In Labor,2022-09-05,5,Allentown,Billy Joel,Billy Joel - Allentown,AMP | 2022-09-05 | Ad Hoc Rock: In Labor,
0.7926569688,Ad Hoc Rock: In Labor,2022-09-05,6,Working Man,Rush,Rush - Working Man,AMP | 2022-09-05 | Ad Hoc Rock: In Labor,
0.4030754292,Ad Hoc Rock,2022-09-07,7,Let It Ride,Bachman-Turner Overdrive,Bachman-Turner Overdrive - Let It Ride,AMP | 2022-09-07 | Ad Hoc Rock,
0.2689063226,Ad Hoc Rock,2022-09-07,3,Her Strut,Bob Seger & The Silver Bullet Band,Bob Seger & The Silver Bullet Band - Her Strut,AMP | 2022-09-07 | Ad Hoc Rock,
0.4478689564,Ad Hoc Rock,2022-09-07,2,Ramblin' Gamblin' Man,The Bob Seger System,The Bob Seger System - Ramblin' Gamblin' Man,AMP | 2022-09-07 | Ad Hoc Rock,
0.4688436964,Ad Hoc Rock,2022-09-07,4,"Girls, Girls, Girls",Motley Crue,"Motley Crue - Girls, Girls, Girls",AMP | 2022-09-07 | Ad Hoc Rock,
0.5457342704,Ad Hoc Rock,2022-09-07,1,The Joker,The Steve Miller Band,The Steve Miller Band - The Joker,AMP | 2022-09-07 | Ad Hoc Rock,
0.5221191175,Ad Hoc Rock,2022-09-07,8,Kings and Queens,Aerosmith,Aerosmith - Kings and Queens,AMP | 2022-09-07 | Ad Hoc Rock,
0.1080468656,Ad Hoc Rock,2022-09-07,6,Red,Sammy Hagar,Sammy Hagar - Red,AMP | 2022-09-07 | Ad Hoc Rock,
0.1046088218,Ad Hoc Rock,2022-09-07,5,Queen Of Spades,Styx,Styx - Queen Of Spades,AMP | 2022-09-07 | Ad Hoc Rock,
0.2548320437,Ad Hoc Rock | Oldies,2022-09-09,4,Love Me Two Times,The Doors,The Doors - Love Me Two Times,AMP | 2022-09-09 | Ad Hoc Rock | Oldies,
0.06048251603,Ad Hoc Rock | Oldies,2022-09-09,11,My Little Red Book,Love,Love - My Little Red Book,AMP | 2022-09-09 | Ad Hoc Rock | Oldies,
0.7863569481,Ad Hoc Rock | Oldies,2022-09-09,8,Don't Bother Me,The Beatles,The Beatles - Don't Bother Me,AMP | 2022-09-09 | Ad Hoc Rock | Oldies,
0.7165333347,Ad Hoc Rock | Oldies,2022-09-09,1,Rip It Up,Little Richard,Little Richard - Rip It Up,AMP | 2022-09-09 | Ad Hoc Rock | Oldies,
0.1284733802,Ad Hoc Rock | Oldies,2022-09-09,2,Twist And Shout,The Beatles,The Beatles - Twist And Shout,AMP | 2022-09-09 | Ad Hoc Rock | Oldies,
0.08594120665,Ad Hoc Rock | Oldies,2022-09-09,10,See Emily Play,Pink Floyd,Pink Floyd - See Emily Play,AMP | 2022-09-09 | Ad Hoc Rock | Oldies,
0.2110831215,Ad Hoc Rock | Oldies,2022-09-09,6,Alone Again Or,Love,Love - Alone Again Or,AMP | 2022-09-09 | Ad Hoc Rock | Oldies,
0.1873298094,Ad Hoc Rock | Oldies,2022-09-09,5,Seven and Seven Is,Love,Love - Seven and Seven Is,AMP | 2022-09-09 | Ad Hoc Rock | Oldies,
0.6988486938,Ad Hoc Rock | Oldies,2022-09-09,7,Tumbling Dice,The Rolling Stones,The Rolling Stones - Tumbling Dice,AMP | 2022-09-09 | Ad Hoc Rock | Oldies,
0.9417378481,Ad Hoc Rock | Oldies,2022-09-09,3,Arnold Layne,Pink Floyd,Pink Floyd - Arnold Layne,AMP | 2022-09-09 | Ad Hoc Rock | Oldies,
0.9565026662,Ad Hoc Rock | Oldies,2022-09-09,9,Sunny Afternoon,The Kinks,The Kinks - Sunny Afternoon,AMP | 2022-09-09 | Ad Hoc Rock | Oldies,
0.1184289049,Ad Hoc Rock | Oldies,2022-09-09,12,Alabama Song,The Doors,The Doors - Alabama Song,AMP | 2022-09-09 | Ad Hoc Rock | Oldies,
0.262856814,Ad Hoc Rock until 5 PDT,2022-09-17,8,Shimmer,Fuel,Fuel - Shimmer,AMP | 2022-09-17 | Ad Hoc Rock until 5 PDT,
0.909415997,Ad Hoc Rock until 5 PDT,2022-09-17,2,Sweet Child O' Mine,Guns N’ Roses,Guns N’ Roses - Sweet Child O' Mine,AMP | 2022-09-17 | Ad Hoc Rock until 5 PDT,
0.1435426114,Ad Hoc Rock until 5 PDT,2022-09-17,1,Crazy,Aerosmith,Aerosmith - Crazy,AMP | 2022-09-17 | Ad Hoc Rock until 5 PDT,
0.2669023127,Ad Hoc Rock until 5 PDT,2022-09-17,4,Didn't We Meet,Alice Cooper,Alice Cooper - Didn't We Meet,AMP | 2022-09-17 | Ad Hoc Rock until 5 PDT,
0.9689162062,Ad Hoc Rock until 5 PDT,2022-09-17,7,Meadow,Stone Temple Pilots,Stone Temple Pilots - Meadow,AMP | 2022-09-17 | Ad Hoc Rock until 5 PDT,
0.7478896049,Ad Hoc Rock until 5 PDT,2022-09-17,9,So Much For The Afterglow,Everclear,Everclear - So Much For The Afterglow,AMP | 2022-09-17 | Ad Hoc Rock until 5 PDT,
0.7473478821,Ad Hoc Rock until 5 PDT,2022-09-17,6,I Got Id,Pearl Jam,Pearl Jam - I Got Id,AMP | 2022-09-17 | Ad Hoc Rock until 5 PDT,
0.401957355,Ad Hoc Rock until 5 PDT,2022-09-17,3,Hole Hearted,Extreme,Extreme - Hole Hearted,AMP | 2022-09-17 | Ad Hoc Rock until 5 PDT,
0.06282686447,Ad Hoc Rock until 5 PDT,2022-09-17,10,Spacehog,Spacehog,Spacehog - Spacehog,AMP | 2022-09-17 | Ad Hoc Rock until 5 PDT,
0.10327151,Ad Hoc Rock until 5 PDT,2022-09-17,5,Hollywood,Shooting Star,Shooting Star - Hollywood,AMP | 2022-09-17 | Ad Hoc Rock until 5 PDT,
0.4776118679,Ad Hoc Rock to 13:00 PDT,2022-09-18,7,Wish You Were Here,Pink Floyd,Pink Floyd - Wish You Were Here,AMP | 2022-09-18 | Ad Hoc Rock to 13:00 PDT,
0.573465741,Ad Hoc Rock to 13:00 PDT,2022-09-18,4,Easy,Faith No More,Faith No More - Easy,AMP | 2022-09-18 | Ad Hoc Rock to 13:00 PDT,
0.2043350032,Ad Hoc Rock to 13:00 PDT,2022-09-18,6,Us and Them,Pink Floyd,Pink Floyd - Us and Them,AMP | 2022-09-18 | Ad Hoc Rock to 13:00 PDT,
0.3410050394,Ad Hoc Rock to 13:00 PDT,2022-09-18,1,Children Of The Sun,Billy Thorpe,Billy Thorpe - Children Of The Sun,AMP | 2022-09-18 | Ad Hoc Rock to 13:00 PDT,
0.09693439677,Ad Hoc Rock to 13:00 PDT,2022-09-18,5,Something In The Air,Gamma,Gamma - Something In The Air,AMP | 2022-09-18 | Ad Hoc Rock to 13:00 PDT,
0.7234650541,Ad Hoc Rock to 13:00 PDT,2022-09-18,3,You've Lost That Lovin' Feeling,The Firm,The Firm - You've Lost That Lovin' Feeling,AMP | 2022-09-18 | Ad Hoc Rock to 13:00 PDT,
0.8060908358,Ad Hoc Rock to 13:00 PDT,2022-09-18,2,So Gently We Go,I Mother Earth,I Mother Earth - So Gently We Go,AMP | 2022-09-18 | Ad Hoc Rock to 13:00 PDT,
0.05594461131,Ad Hoc Rock to 13:00 PDT,2022-09-18,8,Down By The Seaside,Led Zeppelin,Led Zeppelin - Down By The Seaside,AMP | 2022-09-18 | Ad Hoc Rock to 13:00 PDT,
0.4731361066,Ad Hoc Rock to 13:00 PDT,2022-09-18,9,November Rain,Guns N’ Roses,Guns N’ Roses - November Rain,AMP | 2022-09-18 | Ad Hoc Rock to 13:00 PDT,
0.2912982395,Hour of Prog Rock,2022-09-19,1,South Side of the Sky,Yes,Yes - South Side of the Sky,AMP | 2022-09-19 | Hour of Prog Rock,
0.4179793798,Hour of Prog Rock,2022-09-19,2,Suite Sister Mary,Queensryche,Queensryche - Suite Sister Mary,AMP | 2022-09-19 | Hour of Prog Rock,
0.5013826563,Hour of Prog Rock,2022-09-19,6,Deep in the Motherlode,Genesis,Genesis - Deep in the Motherlode,AMP | 2022-09-19 | Hour of Prog Rock,
0.6233719629,Hour of Prog Rock,2022-09-19,7,The Prophet's Song,Queen,Queen - The Prophet's Song,AMP | 2022-09-19 | Hour of Prog Rock,
0.9640330762,Hour of Prog Rock,2022-09-19,5,I Know What I Like (In Your Wardrobe),Genesis,Genesis - I Know What I Like (In Your Wardrobe),AMP | 2022-09-19 | Hour of Prog Rock,
0.2823429722,Hour of Prog Rock,2022-09-19,4,Slow Motion Sickness,Dave Navarro,Dave Navarro - Slow Motion Sickness,AMP | 2022-09-19 | Hour of Prog Rock,
0.4446215795,Hour of Prog Rock,2022-09-19,8,Jacob's Ladder,Rush,Rush - Jacob's Ladder,AMP | 2022-09-19 | Hour of Prog Rock,
0.5010515561,Hour of Prog Rock,2022-09-19,3,Have a Cigar,Pink Floyd,Pink Floyd - Have a Cigar,AMP | 2022-09-19 | Hour of Prog Rock,
0.006029853524,Ad Hoc Rock Soundtracks,2022-09-20,3,Royale With Cheese,Samuel L. Jackson,Samuel L. Jackson - Royale With Cheese,AMP | 2022-09-20 | Ad Hoc Rock Soundtracks,
0.3194034335,Ad Hoc Rock Soundtracks,2022-09-20,7,Starman,David Bowie,David Bowie - Starman,AMP | 2022-09-20 | Ad Hoc Rock Soundtracks,
0.5045414129,Ad Hoc Rock Soundtracks,2022-09-20,8,Hot Stuff,Donna Summer,Donna Summer - Hot Stuff,AMP | 2022-09-20 | Ad Hoc Rock Soundtracks,
0.3009866256,Ad Hoc Rock Soundtracks,2022-09-20,11,Baby Blue,Badfinger,Badfinger - Baby Blue,AMP | 2022-09-20 | Ad Hoc Rock Soundtracks,
0.6650023259,Ad Hoc Rock Soundtracks,2022-09-20,5,I'm Alright,Kenny Loggins,Kenny Loggins - I'm Alright,AMP | 2022-09-20 | Ad Hoc Rock Soundtracks,
0.9672307739,Ad Hoc Rock Soundtracks,2022-09-20,13,Always Look On The Bright Side Of Life,Monty Python,Monty Python - Always Look On The Bright Side Of Life,AMP | 2022-09-20 | Ad Hoc Rock Soundtracks,
0.8557149339,Ad Hoc Rock Soundtracks,2022-09-20,4,Girl You'll Be A Woman Soon,Urge Overkill,Urge Overkill - Girl You'll Be A Woman Soon,AMP | 2022-09-20 | Ad Hoc Rock Soundtracks,
0.613851573,Ad Hoc Rock Soundtracks,2022-09-20,12,I'm Shipping Up To Boston,Dropkick Murphys,Dropkick Murphys - I'm Shipping Up To Boston,AMP | 2022-09-20 | Ad Hoc Rock Soundtracks,
0.996643427,Ad Hoc Rock Soundtracks,2022-09-20,10,Blazing Saddles,Frankie Laine,Frankie Laine - Blazing Saddles,AMP | 2022-09-20 | Ad Hoc Rock Soundtracks,
0.4968944805,Ad Hoc Rock Soundtracks,2022-09-20,9,April In Paris,Count Basie,Count Basie - April In Paris,AMP | 2022-09-20 | Ad Hoc Rock Soundtracks,
0.293974042,Ad Hoc Rock Soundtracks,2022-09-20,1,Dueling Banjos,Steve Mandell,Steve Mandell - Dueling Banjos,AMP | 2022-09-20 | Ad Hoc Rock Soundtracks,
0.8479559829,Ad Hoc Rock Soundtracks,2022-09-20,2,You Never Can Tell,Chuck Berry,Chuck Berry - You Never Can Tell,AMP | 2022-09-20 | Ad Hoc Rock Soundtracks,
0.07586403402,Ad Hoc Rock Soundtracks,2022-09-20,6,Theme From Rawhide,The Blues Brothers,The Blues Brothers - Theme From Rawhide,AMP | 2022-09-20 | Ad Hoc Rock Soundtracks,
0.6509723027,Ad Hoc Rock,2022-09-23,12,The Cutter,Echo And The Bunnymen,Echo And The Bunnymen - The Cutter,AMP | 2022-09-23 | Ad Hoc Rock,
0.04993236668,Ad Hoc Rock,2022-09-23,7,I'll Be You,The Replacements,The Replacements - I'll Be You,AMP | 2022-09-23 | Ad Hoc Rock,
0.9544925018,Ad Hoc Rock,2022-09-23,1,Self Esteem,The Offspring,The Offspring - Self Esteem,AMP | 2022-09-23 | Ad Hoc Rock,
0.9699190852,Ad Hoc Rock,2022-09-23,10,We Hate It When Our Friends Become Successful,Morrisey,Morrisey - We Hate It When Our Friends Become Successful,AMP | 2022-09-23 | Ad Hoc Rock,
0.7123807451,Ad Hoc Rock,2022-09-23,13,Is She Really Going Out With Him?,Joe Jackson,Joe Jackson - Is She Really Going Out With Him?,AMP | 2022-09-23 | Ad Hoc Rock,
0.4098208006,Ad Hoc Rock,2022-09-23,11,Girlfriend in a Coma,The Smiths,The Smiths - Girlfriend in a Coma,AMP | 2022-09-23 | Ad Hoc Rock,
0.6418375107,Ad Hoc Rock,2022-09-23,9,Mayor Of Simpleton,XTC,XTC - Mayor Of Simpleton,AMP | 2022-09-23 | Ad Hoc Rock,
0.03717255554,Ad Hoc Rock,2022-09-23,15,Just Another Day,Oingo Boingo,Oingo Boingo - Just Another Day,AMP | 2022-09-23 | Ad Hoc Rock,
0.4005305594,Ad Hoc Rock,2022-09-23,4,Los Angeles,Frank Black,Frank Black - Los Angeles,AMP | 2022-09-23 | Ad Hoc Rock,
0.1570943281,Ad Hoc Rock,2022-09-23,5,Fu Manchu,Frank Black,Frank Black - Fu Manchu,AMP | 2022-09-23 | Ad Hoc Rock,
0.9451459839,Ad Hoc Rock,2022-09-23,8,Dyslexic Heart,Paul Westerberg,Paul Westerberg - Dyslexic Heart,AMP | 2022-09-23 | Ad Hoc Rock,
0.08497900423,Ad Hoc Rock,2022-09-23,3,Salvation,Bad Religion,Bad Religion - Salvation,AMP | 2022-09-23 | Ad Hoc Rock,
0.3130991037,Ad Hoc Rock,2022-09-23,2,Hooray For Me,Bad Religion,Bad Religion - Hooray For Me,AMP | 2022-09-23 | Ad Hoc Rock,
0.08361982949,Ad Hoc Rock,2022-09-23,6,The Meaning Of Life,The Offspring,The Offspring - The Meaning Of Life,AMP | 2022-09-23 | Ad Hoc Rock,
0.2293961609,Ad Hoc Rock,2022-09-23,14,Turn It On Salvador,Toy Matinee,Toy Matinee - Turn It On Salvador,AMP | 2022-09-23 | Ad Hoc Rock,
0.6711360348,Ad Hoc Rock Triple Shots,2022-09-28,12,Miss You,The Rolling Stones,The Rolling Stones - Miss You,AMP | 2022-09-28 | Ad Hoc Rock Triple Shots,
0.9842513785,Ad Hoc Rock Triple Shots,2022-09-28,4,Golden Years,David Bowie,David Bowie - Golden Years,AMP | 2022-09-28 | Ad Hoc Rock Triple Shots,
0.3358563264,Ad Hoc Rock Triple Shots,2022-09-28,3,Black Summer,Red Hot Chili Peppers,Red Hot Chili Peppers - Black Summer,AMP | 2022-09-28 | Ad Hoc Rock Triple Shots,
0.4472034581,Ad Hoc Rock Triple Shots,2022-09-28,10,2000 Light Years From Home,The Rolling Stones,The Rolling Stones - 2000 Light Years From Home,AMP | 2022-09-28 | Ad Hoc Rock Triple Shots,
0.3655884597,Ad Hoc Rock Triple Shots,2022-09-28,9,Astronomy Domine,Pink Floyd,Pink Floyd - Astronomy Domine,AMP | 2022-09-28 | Ad Hoc Rock Triple Shots,
0.01392949974,Ad Hoc Rock Triple Shots,2022-09-28,2,Sir Psycho Sexy,Red Hot Chili Peppers,Red Hot Chili Peppers - Sir Psycho Sexy,AMP | 2022-09-28 | Ad Hoc Rock Triple Shots,
0.1592905364,Ad Hoc Rock Triple Shots,2022-09-28,7,Wot's ... Uh the Deal,Pink Floyd,Pink Floyd - Wot's ... Uh the Deal,AMP | 2022-09-28 | Ad Hoc Rock Triple Shots,
0.7471374915,Ad Hoc Rock Triple Shots,2022-09-28,6,Fashion,David Bowie,David Bowie - Fashion,AMP | 2022-09-28 | Ad Hoc Rock Triple Shots,
0.1025419214,Ad Hoc Rock Triple Shots,2022-09-28,11,Waiting On A Friend,The Rolling Stones,The Rolling Stones - Waiting On A Friend,AMP | 2022-09-28 | Ad Hoc Rock Triple Shots,
0.1378707362,Ad Hoc Rock Triple Shots,2022-09-28,5,Wild Is The Wind,David Bowie,David Bowie - Wild Is The Wind,AMP | 2022-09-28 | Ad Hoc Rock Triple Shots,
0.6834923059,Ad Hoc Rock Triple Shots,2022-09-28,8,Not Now John,Pink Floyd,Pink Floyd - Not Now John,AMP | 2022-09-28 | Ad Hoc Rock Triple Shots,
0.3339395658,Ad Hoc Rock Triple Shots,2022-09-28,1,Funky Monks,Red Hot Chili Peppers,Red Hot Chili Peppers - Funky Monks,AMP | 2022-09-28 | Ad Hoc Rock Triple Shots,
0.8478695658,Ad Hoc Rock,2022-10-22,8,I Heard Ramona Sing,Frank Black,Frank Black - I Heard Ramona Sing,AMP | 2022-10-22 | Ad Hoc Rock,
0.554301892,Ad Hoc Rock,2022-10-22,11,Heroin Girl,Everclear,Everclear - Heroin Girl,AMP | 2022-10-22 | Ad Hoc Rock,
0.7505060188,Ad Hoc Rock,2022-10-22,7,Sign Of The Gypsy Queen,April Wine,April Wine - Sign Of The Gypsy Queen,AMP | 2022-10-22 | Ad Hoc Rock,
0.8189527656,Ad Hoc Rock,2022-10-22,2,Just Got Back,Cheap Trick,Cheap Trick - Just Got Back,AMP | 2022-10-22 | Ad Hoc Rock,
0.682672925,Ad Hoc Rock,2022-10-22,3,So Much For The Afterglow,Everclear,Everclear - So Much For The Afterglow,AMP | 2022-10-22 | Ad Hoc Rock,
0.3007981475,Ad Hoc Rock,2022-10-22,6,I Bet You Look Good On The Dancefloor,Arctic Monkeys,Arctic Monkeys - I Bet You Look Good On The Dancefloor,AMP | 2022-10-22 | Ad Hoc Rock,
0.4308953493,Ad Hoc Rock,2022-10-22,9,Tiny Voices,Bad Religion,Bad Religion - Tiny Voices,AMP | 2022-10-22 | Ad Hoc Rock,
0.1672402848,Ad Hoc Rock,2022-10-22,10,Burning House of Love,X,X - Burning House of Love,AMP | 2022-10-22 | Ad Hoc Rock,
0.06108364413,Ad Hoc Rock,2022-10-22,4,Meadow,Stone Temple Pilots,Stone Temple Pilots - Meadow,AMP | 2022-10-22 | Ad Hoc Rock,
0.9835824948,Ad Hoc Rock,2022-10-22,12,Bodhisattva,Steely Dan,Steely Dan - Bodhisattva,AMP | 2022-10-22 | Ad Hoc Rock,
0.7946110055,Ad Hoc Rock,2022-10-22,1,Housed Of The Holy,Led Zeppelin,Led Zeppelin - Housed Of The Holy,AMP | 2022-10-22 | Ad Hoc Rock,
0.7472819,Ad Hoc Rock,2022-10-22,5,Alone + Easy Target,Foo Fighters,Foo Fighters - Alone + Easy Target,AMP | 2022-10-22 | Ad Hoc Rock,
0.4388700562,King Crimson Ep. 1,2022-10-28,3,Heartbeat,King Crimson,King Crimson - Heartbeat,AMP | 2022-10-28 | King Crimson Ep. 1,
0.7015820122,King Crimson Ep. 1,2022-10-28,2,Discipline,King Crimson,King Crimson - Discipline,AMP | 2022-10-28 | King Crimson Ep. 1,
0.7079517334,King Crimson Ep. 1,2022-10-28,1,Three of a Perfect Pair,King Crimson,King Crimson - Three of a Perfect Pair,AMP | 2022-10-28 | King Crimson Ep. 1,
0.9198025118,King Crimson Vol 2,2022-11-02,1,Knives Out,Radiohead,Radiohead - Knives Out,AMP | 2022-11-02 | King Crimson Vol 2,
0.6891389116,King Crimson Vol 2,2022-11-02,3,Elephant Talk,King Crimson,King Crimson - Elephant Talk,AMP | 2022-11-02 | King Crimson Vol 2,
0.5788450007,King Crimson Vol 2,2022-11-02,5,Epitaph,King Crimson,King Crimson - Epitaph,AMP | 2022-11-02 | King Crimson Vol 2,
0.9132413093,King Crimson Vol 2,2022-11-02,8,Wot's...Uh the Deal,Pink Floyd,Pink Floyd - Wot's...Uh the Deal,AMP | 2022-11-02 | King Crimson Vol 2,
0.06420093125,King Crimson Vol 2,2022-11-02,7,Larks Tongue in Aspic Vol 2,Dream Theater,Dream Theater - Larks Tongue in Aspic Vol 2,AMP | 2022-11-02 | King Crimson Vol 2,
0.7223988727,King Crimson Vol 2,2022-11-02,2,Birthday,The Beatles,The Beatles - Birthday,AMP | 2022-11-02 | King Crimson Vol 2,
0.9214635026,King Crimson Vol 2,2022-11-02,4,Sleepless,King Crimson,King Crimson - Sleepless,AMP | 2022-11-02 | King Crimson Vol 2,
0.4144450251,King Crimson Vol 2,2022-11-02,6,Paranoid Android,Radiohead,Radiohead - Paranoid Android,AMP | 2022-11-02 | King Crimson Vol 2,
0.9342108054,Ad Hoc Rock until 4 PDT,2022-11-03,8,Alabama Song (Whisky Bar),The Doors,The Doors - Alabama Song (Whisky Bar),AMP | 2022-11-03 | Ad Hoc Rock until 4 PDT,
0.5104794769,Ad Hoc Rock until 4 PDT,2022-11-03,9,Dancing Days,Led Zeppelin,Led Zeppelin - Dancing Days,AMP | 2022-11-03 | Ad Hoc Rock until 4 PDT,
0.6489334777,Ad Hoc Rock until 4 PDT,2022-11-03,3,Gone Away,The Offspring,The Offspring - Gone Away,AMP | 2022-11-03 | Ad Hoc Rock until 4 PDT,
0.2398013846,Ad Hoc Rock until 4 PDT,2022-11-03,1,Holiday,Green Day,Green Day - Holiday,AMP | 2022-11-03 | Ad Hoc Rock until 4 PDT,
0.7588399155,Ad Hoc Rock until 4 PDT,2022-11-03,6,Slow Motion Sickness,Dave Navarro,Dave Navarro - Slow Motion Sickness,AMP | 2022-11-03 | Ad Hoc Rock until 4 PDT,
0.2772752405,Ad Hoc Rock until 4 PDT,2022-11-03,2,Smooth Criminal,Alien Ant Farm,Alien Ant Farm - Smooth Criminal,AMP | 2022-11-03 | Ad Hoc Rock until 4 PDT,
0.3149249504,Ad Hoc Rock until 4 PDT,2022-11-03,4,5150,Van Halen,Van Halen - 5150,AMP | 2022-11-03 | Ad Hoc Rock until 4 PDT,
0.9816459831,Ad Hoc Rock until 4 PDT,2022-11-03,5,505,Arctic Monkeys,Arctic Monkeys - 505,AMP | 2022-11-03 | Ad Hoc Rock until 4 PDT,
0.5602980492,Ad Hoc Rock until 4 PDT,2022-11-03,7,Mysterious Ways,U2,U2 - Mysterious Ways,AMP | 2022-11-03 | Ad Hoc Rock until 4 PDT,
0.9640117907,Late Night,2022-11-03,3,Goodnight Saigon,Billy Joel,Billy Joel - Goodnight Saigon,AMP | 2022-11-03 | Late Night,
0.7287229512,Late Night,2022-11-03,2,Supper's Ready,Genesis,Genesis - Supper's Ready,AMP | 2022-11-03 | Late Night,
0.1239558675,Late Night,2022-11-03,1,Echoes,Pink Floyd,Pink Floyd - Echoes,AMP | 2022-11-03 | Late Night,
0.7475377166,Ad Hoc Rock,2022-11-06,10,Hemorrhage,Fuel,Fuel - Hemorrhage,AMP | 2022-11-06 | Ad Hoc Rock,
0.2027067373,Ad Hoc Rock,2022-11-06,4,Last Kiss,Pearl Jam,Pearl Jam - Last Kiss,AMP | 2022-11-06 | Ad Hoc Rock,
0.9161392138,Ad Hoc Rock,2022-11-06,9,Prison Sex,Tool,Tool - Prison Sex,AMP | 2022-11-06 | Ad Hoc Rock,
0.05974493236,Ad Hoc Rock,2022-11-06,6,Slaves & Bulldozers,Soundgarden,Soundgarden - Slaves & Bulldozers,AMP | 2022-11-06 | Ad Hoc Rock,
0.1621959452,Ad Hoc Rock,2022-11-06,5,Pork And Beans,Weezer,Weezer - Pork And Beans,AMP | 2022-11-06 | Ad Hoc Rock,
0.9387251596,Ad Hoc Rock,2022-11-06,2,Why Can't This Be Love,Van Halen,Van Halen - Why Can't This Be Love,AMP | 2022-11-06 | Ad Hoc Rock,
0.9174840134,Ad Hoc Rock,2022-11-06,3,Radio Free Europe,R.E.M.,R.E.M. - Radio Free Europe,AMP | 2022-11-06 | Ad Hoc Rock,
0.8732916559,Ad Hoc Rock,2022-11-06,11,Closer To The Heart,Rush,Rush - Closer To The Heart,AMP | 2022-11-06 | Ad Hoc Rock,
0.4031397968,Ad Hoc Rock,2022-11-06,7,Got Me Wrong,Alice In Chains,Alice In Chains - Got Me Wrong,AMP | 2022-11-06 | Ad Hoc Rock,
0.5318060466,Ad Hoc Rock,2022-11-06,8,Where Did You Sleep Last Nigh,Nirvana,Nirvana - Where Did You Sleep Last Nigh,AMP | 2022-11-06 | Ad Hoc Rock,
0.7102260326,Ad Hoc Rock,2022-11-06,1,All My Love,Led Zeppelin,Led Zeppelin - All My Love,AMP | 2022-11-06 | Ad Hoc Rock,
0.4162825774,Mod Me Up,2022-11-11,10,Here In Your Bedroom,Goldfinger,Goldfinger - Here In Your Bedroom,AMP | 2022-11-11 | Mod Me Up,
0.436481689,Mod Me Up,2022-11-11,15,Salvation,Rancid,Rancid - Salvation,AMP | 2022-11-11 | Mod Me Up,
0.6346621172,Mod Me Up,2022-11-11,11,Save It For Later,The English Beat,The English Beat - Save It For Later,AMP | 2022-11-11 | Mod Me Up,
0.365257671,Mod Me Up,2022-11-11,3,Around the Dial,The Kinks,The Kinks - Around the Dial,AMP | 2022-11-11 | Mod Me Up,
0.9423065061,Mod Me Up,2022-11-11,7,Time Bomb,Rancid,Rancid - Time Bomb,AMP | 2022-11-11 | Mod Me Up,
0.2098454301,Mod Me Up,2022-11-11,16,Revolution,Pennywise,Pennywise - Revolution,AMP | 2022-11-11 | Mod Me Up,
0.3992326833,Mod Me Up,2022-11-11,9,Spiderwebs,No Doubt,No Doubt - Spiderwebs,AMP | 2022-11-11 | Mod Me Up,
0.3982219823,Mod Me Up,2022-11-11,2,House of Fun,Madness,Madness - House of Fun,AMP | 2022-11-11 | Mod Me Up,
0.580735511,Mod Me Up,2022-11-11,4,The Punk And The Godfather,The Who,The Who - The Punk And The Godfather,AMP | 2022-11-11 | Mod Me Up,
0.232827176,Mod Me Up,2022-11-11,14,On A Rope,Rocket From The Crypt,Rocket From The Crypt - On A Rope,AMP | 2022-11-11 | Mod Me Up,
0.5928953441,Mod Me Up,2022-11-11,6,The Real Me,The Who,The Who - The Real Me,AMP | 2022-11-11 | Mod Me Up,
0.161146707,Mod Me Up,2022-11-11,13,Public Image,Public Image Ltd,Public Image Ltd - Public Image,AMP | 2022-11-11 | Mod Me Up,
0.2288807815,Mod Me Up,2022-11-11,1,Town Called Malice,The Jam,The Jam - Town Called Malice,AMP | 2022-11-11 | Mod Me Up,
0.8600103543,Mod Me Up,2022-11-11,8,Too Much Too Young,The Specials,The Specials - Too Much Too Young,AMP | 2022-11-11 | Mod Me Up,
0.02041900629,Mod Me Up,2022-11-11,17,Drowned,The Who,The Who - Drowned,AMP | 2022-11-11 | Mod Me Up,
0.03466980191,Mod Me Up,2022-11-11,12,Buried Alive,Dance Hall Crashers,Dance Hall Crashers - Buried Alive,AMP | 2022-11-11 | Mod Me Up,
0.02041301782,Mod Me Up,2022-11-11,5,All My Best Friends Are Metalheads,Less Than Jake,Less Than Jake - All My Best Friends Are Metalheads,AMP | 2022-11-11 | Mod Me Up,
0.3185567845,King Crimson Vol 3,2022-11-14,6,The Lamia,Genesis,Genesis - The Lamia,AMP | 2022-11-14 | King Crimson Vol 3,
0.2421671323,King Crimson Vol 3,2022-11-14,4,The Sheltering Sky,King Crimson,King Crimson - The Sheltering Sky,AMP | 2022-11-14 | King Crimson Vol 3,
0.127429804,King Crimson Vol 3,2022-11-14,7,Optimistic,Radiohead,Radiohead - Optimistic,AMP | 2022-11-14 | King Crimson Vol 3,
0.3883880727,King Crimson Vol 3,2022-11-14,3,In the Court of the Crimson King,King Crimson,King Crimson - In the Court of the Crimson King,AMP | 2022-11-14 | King Crimson Vol 3,
0.3593112887,King Crimson Vol 3,2022-11-14,2,Red,King Crimson,King Crimson - Red,AMP | 2022-11-14 | King Crimson Vol 3,
0.9550371345,King Crimson Vol 3,2022-11-14,1,A Pillow of Winds,Pink Floyd,Pink Floyd - A Pillow of Winds,AMP | 2022-11-14 | King Crimson Vol 3,
0.1667338172,King Crimson Vol 3,2022-11-14,5,The Knife,Genesis,Genesis - The Knife,AMP | 2022-11-14 | King Crimson Vol 3,
0.8828208567,Ad Hoc Rock,2022-11-19,7,The Stranger,Billy Joel,Billy Joel - The Stranger,AMP | 2022-11-19 | Ad Hoc Rock,
0.7785201532,Ad Hoc Rock,2022-11-19,1,The Night They Drove Old Dixie Down (Live),The Band,The Band - The Night They Drove Old Dixie Down (Live),AMP | 2022-11-19 | Ad Hoc Rock,
0.5598476454,Ad Hoc Rock,2022-11-19,9,South Bound Suarez,Led Zeppelin,Led Zeppelin - South Bound Suarez,AMP | 2022-11-19 | Ad Hoc Rock,
0.2734046243,Ad Hoc Rock,2022-11-19,10,Rocks Off,The Rolling Stones,The Rolling Stones - Rocks Off,AMP | 2022-11-19 | Ad Hoc Rock,
0.325601375,Ad Hoc Rock,2022-11-19,3,On the Run,Pink Floyd,Pink Floyd - On the Run,AMP | 2022-11-19 | Ad Hoc Rock,
0.9566786108,Ad Hoc Rock,2022-11-19,4,That's All,Genesis,Genesis - That's All,AMP | 2022-11-19 | Ad Hoc Rock,
0.3773627276,Ad Hoc Rock,2022-11-19,8,Queen Jane Approximately (Take 2),Bob Dylan,Bob Dylan - Queen Jane Approximately (Take 2),AMP | 2022-11-19 | Ad Hoc Rock,
0.3537473935,Ad Hoc Rock,2022-11-19,6,Thunder Road,Bruce Springsteen,Bruce Springsteen - Thunder Road,AMP | 2022-11-19 | Ad Hoc Rock,
0.5896488366,Ad Hoc Rock,2022-11-19,2,Eminence Front,The Who,The Who - Eminence Front,AMP | 2022-11-19 | Ad Hoc Rock,
0.9916861979,Ad Hoc Rock,2022-11-19,5,Steam,Peter Gabriel,Peter Gabriel - Steam,AMP | 2022-11-19 | Ad Hoc Rock,
0.6948682319,Ad Hoc Rock: Alt 90s,2022-11-21,13,No Control,Pepper,Pepper - No Control,AMP | 2022-11-21 | Ad Hoc Rock: Alt 90s,
0.9128662055,Ad Hoc Rock: Alt 90s,2022-11-21,5,In The Garage,Weezer,Weezer - In The Garage,AMP | 2022-11-21 | Ad Hoc Rock: Alt 90s,
0.2745510112,Ad Hoc Rock: Alt 90s,2022-11-21,9,The Modern Age,The Strokes,The Strokes - The Modern Age,AMP | 2022-11-21 | Ad Hoc Rock: Alt 90s,
0.9654031482,Ad Hoc Rock: Alt 90s,2022-11-21,3,PDA,Interpol,Interpol - PDA,AMP | 2022-11-21 | Ad Hoc Rock: Alt 90s,
0.3261919737,Ad Hoc Rock: Alt 90s,2022-11-21,2,Rebellion (Lies),Arcade Fire,Arcade Fire - Rebellion (Lies),AMP | 2022-11-21 | Ad Hoc Rock: Alt 90s,
0.1960987127,Ad Hoc Rock: Alt 90s,2022-11-21,10,The Dark Of The Matinee,Franz Ferdinand,Franz Ferdinand - The Dark Of The Matinee,AMP | 2022-11-21 | Ad Hoc Rock: Alt 90s,
0.8175379656,Ad Hoc Rock: Alt 90s,2022-11-21,1,I Predict a Riot,Kaiser Chiefs,Kaiser Chiefs - I Predict a Riot,AMP | 2022-11-21 | Ad Hoc Rock: Alt 90s,
0.3758645255,Ad Hoc Rock: Alt 90s,2022-11-21,14,"April 29, 1992",Sublime,"Sublime - April 29, 1992",AMP | 2022-11-21 | Ad Hoc Rock: Alt 90s,
0.6502863028,Ad Hoc Rock: Alt 90s,2022-11-21,8,Panic Switch,Silversun Pickups,Silversun Pickups - Panic Switch,AMP | 2022-11-21 | Ad Hoc Rock: Alt 90s,
0.6991269028,Ad Hoc Rock: Alt 90s,2022-11-21,11,"Nobody Move, Nobody Get Hurt",We Are Scientists,"We Are Scientists - Nobody Move, Nobody Get Hurt",AMP | 2022-11-21 | Ad Hoc Rock: Alt 90s,
0.1264902512,Ad Hoc Rock: Alt 90s,2022-11-21,4,Cold Cold Cold,Cage The Elephant,Cage The Elephant - Cold Cold Cold,AMP | 2022-11-21 | Ad Hoc Rock: Alt 90s,
0.7918237604,Ad Hoc Rock: Alt 90s,2022-11-21,6,Penelope,Pinback,Pinback - Penelope,AMP | 2022-11-21 | Ad Hoc Rock: Alt 90s,
0.1569681407,Ad Hoc Rock: Alt 90s,2022-11-21,12,Kool Thing,Sonic Youth,Sonic Youth - Kool Thing,AMP | 2022-11-21 | Ad Hoc Rock: Alt 90s,
0.2523612789,Ad Hoc Rock: Alt 90s,2022-11-21,7,Tomorrow,Silverchair,Silverchair - Tomorrow,AMP | 2022-11-21 | Ad Hoc Rock: Alt 90s,
0.650783879,College DJ Days 1991,2022-11-23,4,Man In The Box,Alice In Chains,Alice In Chains - Man In The Box,AMP | 2022-11-23 | College DJ Days 1991,
0.3419604541,College DJ Days 1991,2022-11-23,1,New San Antonio Rose,Bob Wills & His Texas Playboys,Bob Wills & His Texas Playboys - New San Antonio Rose,AMP | 2022-11-23 | College DJ Days 1991,
0.3731375907,College DJ Days 1991,2022-11-23,6,Unbelievable,EMF,EMF - Unbelievable,AMP | 2022-11-23 | College DJ Days 1991,
0.08148384286,College DJ Days 1991,2022-11-23,9,Don't Want to Know If You Are Alone,Husker Du,Husker Du - Don't Want to Know If You Are Alone,AMP | 2022-11-23 | College DJ Days 1991,
0.9161253264,College DJ Days 1991,2022-11-23,2,Right Here Right Now,Jesus Jones,Jesus Jones - Right Here Right Now,AMP | 2022-11-23 | College DJ Days 1991,
0.7380016272,College DJ Days 1991,2022-11-23,11,The Way To Salvation,King Missile,King Missile - The Way To Salvation,AMP | 2022-11-23 | College DJ Days 1991,
0.6687738146,College DJ Days 1991,2022-11-23,8,Confusion,Alice In Chains,Alice In Chains - Confusion,AMP | 2022-11-23 | College DJ Days 1991,
0.4735753356,College DJ Days 1991,2022-11-23,10,Sugar Kane,Sonic Youth,Sonic Youth - Sugar Kane,AMP | 2022-11-23 | College DJ Days 1991,
0.9411321969,College DJ Days 1991,2022-11-23,13,Three Days,Jane’s Addiction,Jane’s Addiction - Three Days,AMP | 2022-11-23 | College DJ Days 1991,
0.1491701745,College DJ Days 1991,2022-11-23,5,Hoover Dam,Sugar,Sugar - Hoover Dam,AMP | 2022-11-23 | College DJ Days 1991,
0.8492322965,College DJ Days 1991,2022-11-23,3,Been Caught Stealing,Jane’s Addiction,Jane’s Addiction - Been Caught Stealing,AMP | 2022-11-23 | College DJ Days 1991,
0.9370407548,College DJ Days 1991,2022-11-23,12,The Boy Who Ate Lasagna And Could Jump Over A Church,King Missile,King Missile - The Boy Who Ate Lasagna And Could Jump Over A Church,AMP | 2022-11-23 | College DJ Days 1991,
0.6262655919,College DJ Days 1991,2022-11-23,7,Vision Thing,The Sisters Of Mercy,The Sisters Of Mercy - Vision Thing,AMP | 2022-11-23 | College DJ Days 1991,
0.3947874661,AHR Smooth Grunge and Nu,2022-11-27,10,Hungry,Dave Navarro,Dave Navarro - Hungry,AMP | 2022-11-27 | AHR Smooth Grunge and Nu,
0.6288450438,AHR Smooth Grunge and Nu,2022-11-27,2,The Day I Tried To Live,Soundgarden,Soundgarden - The Day I Tried To Live,AMP | 2022-11-27 | AHR Smooth Grunge and Nu,
0.03358624827,AHR Smooth Grunge and Nu,2022-11-27,6,New Divide,Linkin Park,Linkin Park - New Divide,AMP | 2022-11-27 | AHR Smooth Grunge and Nu,
0.1598228828,AHR Smooth Grunge and Nu,2022-11-27,4,Nothingman,Pearl Jam,Pearl Jam - Nothingman,AMP | 2022-11-27 | AHR Smooth Grunge and Nu,
0.6025218689,AHR Smooth Grunge and Nu,2022-11-27,1,Down In A Hole,Alice In Chains,Alice In Chains - Down In A Hole,AMP | 2022-11-27 | AHR Smooth Grunge and Nu,
0.0505514075,AHR Smooth Grunge and Nu,2022-11-27,11,Perdida,Stone Temple Pilots,Stone Temple Pilots - Perdida,AMP | 2022-11-27 | AHR Smooth Grunge and Nu,
0.3817897018,AHR Smooth Grunge and Nu,2022-11-27,7,The Man Who Sold The World,Nirvana,Nirvana - The Man Who Sold The World,AMP | 2022-11-27 | AHR Smooth Grunge and Nu,
0.7210506315,AHR Smooth Grunge and Nu,2022-11-27,3,Big Empty,Stone Temple Pilots,Stone Temple Pilots - Big Empty,AMP | 2022-11-27 | AHR Smooth Grunge and Nu,
0.6916884222,AHR Smooth Grunge and Nu,2022-11-27,9,Eidolon,Karnivool,Karnivool - Eidolon,AMP | 2022-11-27 | AHR Smooth Grunge and Nu,
0.6672638006,AHR Smooth Grunge and Nu,2022-11-27,5,"Softer, Softest",Hole,"Hole - Softer, Softest",AMP | 2022-11-27 | AHR Smooth Grunge and Nu,
0.684346371,AHR Smooth Grunge and Nu,2022-11-27,8,My Song,Jerry Cantrell,Jerry Cantrell - My Song,AMP | 2022-11-27 | AHR Smooth Grunge and Nu,
0.2770389042,Ad Hoc Rock,2022-12-04,7,Rio,Duran Duran,Duran Duran - Rio,AMP | 2022-12-04 | Ad Hoc Rock,
0.7841695379,Ad Hoc Rock,2022-12-04,12,Knockin' On Heaven's Door,Guns N’ Roses,Guns N’ Roses - Knockin' On Heaven's Door,AMP | 2022-12-04 | Ad Hoc Rock,
0.8328993596,Ad Hoc Rock,2022-12-04,2,Gone Away (Alternative 2021),The Offspring,The Offspring - Gone Away (Alternative 2021),AMP | 2022-12-04 | Ad Hoc Rock,
0.01485960166,Ad Hoc Rock,2022-12-04,5,In The Garage,Weezer,Weezer - In The Garage,AMP | 2022-12-04 | Ad Hoc Rock,
0.06791006383,Ad Hoc Rock,2022-12-04,8,Precious,Depeche Mode,Depeche Mode - Precious,AMP | 2022-12-04 | Ad Hoc Rock,
0.9199401578,Ad Hoc Rock,2022-12-04,11,The Things We Do For Love,10cc,10cc - The Things We Do For Love,AMP | 2022-12-04 | Ad Hoc Rock,
0.764484882,Ad Hoc Rock,2022-12-04,9,Nights On Broadway,Bee Gees,Bee Gees - Nights On Broadway,AMP | 2022-12-04 | Ad Hoc Rock,
0.01508659231,Ad Hoc Rock,2022-12-04,10,Couldn't Get It Right,Climax Blues Band,Climax Blues Band - Couldn't Get It Right,AMP | 2022-12-04 | Ad Hoc Rock,
0.4539163477,Ad Hoc Rock,2022-12-04,3,Gloria,U2,U2 - Gloria,AMP | 2022-12-04 | Ad Hoc Rock,
0.2598451945,Ad Hoc Rock,2022-12-04,6,Africa,Toto,Toto - Africa,AMP | 2022-12-04 | Ad Hoc Rock,
0.1314691852,Ad Hoc Rock,2022-12-04,1,Welcome To Paradise,Green Day,Green Day - Welcome To Paradise,AMP | 2022-12-04 | Ad Hoc Rock,
0.09983721699,Ad Hoc Rock,2022-12-04,4,Begin The Begin,R.E.M.,R.E.M. - Begin The Begin,AMP | 2022-12-04 | Ad Hoc Rock,
0.1584126003,Ad Hoc Rock,2022-12-04,14,All My Love,Led Zeppelin,Led Zeppelin - All My Love,AMP | 2022-12-04 | Ad Hoc Rock,
0.2951909411,Ad Hoc Rock,2022-12-04,13,I Stay Away,Alice In Chains,Alice In Chains - I Stay Away,AMP | 2022-12-04 | Ad Hoc Rock,
0.8043534474,3 cover songs (pass the baton),2022-12-07,3,In Bloom,Sturgill Simpson,Sturgill Simpson - In Bloom,AMP | 2022-12-07 | 3 cover songs (pass the baton),
0.2442636691,3 cover songs (pass the baton),2022-12-07,2,Easy,Faith No More,Faith No More - Easy,AMP | 2022-12-07 | 3 cover songs (pass the baton),
0.5822714477,3 cover songs (pass the baton),2022-12-07,1,Hurt,Johnny Cash,Johnny Cash - Hurt,AMP | 2022-12-07 | 3 cover songs (pass the baton),
0.4518763038,Ad Hoc Rock,2022-12-08,7,Run Like Hell,Pink Floyd,Pink Floyd - Run Like Hell,AMP | 2022-12-08 | Ad Hoc Rock,
0.0519766392,Ad Hoc Rock,2022-12-08,5,Bulls on Parade,Rage Against The Machine,Rage Against The Machine - Bulls on Parade,AMP | 2022-12-08 | Ad Hoc Rock,
0.4370674804,Ad Hoc Rock,2022-12-08,6,Word Up!,Korn,Korn - Word Up!,AMP | 2022-12-08 | Ad Hoc Rock,
0.7881604337,Ad Hoc Rock,2022-12-08,4,Possum Kingdom,Toadies,Toadies - Possum Kingdom,AMP | 2022-12-08 | Ad Hoc Rock,
0.8762038165,Ad Hoc Rock,2022-12-08,1,Mean Street,Van Halen,Van Halen - Mean Street,AMP | 2022-12-08 | Ad Hoc Rock,
0.9152697517,Ad Hoc Rock,2022-12-08,3,Mr. Brownstone,Guns N’ Roses,Guns N’ Roses - Mr. Brownstone,AMP | 2022-12-08 | Ad Hoc Rock,
0.4231897004,Ad Hoc Rock,2022-12-08,2,Suck My Kiss,Red Hot Chili Peppers,Red Hot Chili Peppers - Suck My Kiss,AMP | 2022-12-08 | Ad Hoc Rock,
0.9572015078,A Few Songs,2022-12-10,3,The Rover,Led Zeppelin,Led Zeppelin - The Rover,AMP | 2022-12-10 | A Few Songs,
0.120174268,A Few Songs,2022-12-10,5,Can't You Hear Me Knocking,The Rolling Stones,The Rolling Stones - Can't You Hear Me Knocking,AMP | 2022-12-10 | A Few Songs,
0.7050193497,A Few Songs,2022-12-10,1,Red Barchetta,Rush,Rush - Red Barchetta,AMP | 2022-12-10 | A Few Songs,
0.9308387689,A Few Songs,2022-12-10,4,Moving In Stereo,The Cars,The Cars - Moving In Stereo,AMP | 2022-12-10 | A Few Songs,
0.6058855006,A Few Songs,2022-12-10,2,Under the Bridge,Red Hot Chili Peppers,Red Hot Chili Peppers - Under the Bridge,AMP | 2022-12-10 | A Few Songs,
0.9059830391,Ad Hoc Rock and Peanuts,2022-12-16,13,Run Rudolph Run,Foo Fighters,Foo Fighters - Run Rudolph Run,AMP | 2022-12-16 | Ad Hoc Rock and Peanuts,
0.5721568192,Ad Hoc Rock and Peanuts,2022-12-16,6,Israel's Son,Silverchair,Silverchair - Israel's Son,AMP | 2022-12-16 | Ad Hoc Rock and Peanuts,
0.1802500358,Ad Hoc Rock and Peanuts,2022-12-16,12,Human Behavior,Bjork,Bjork - Human Behavior,AMP | 2022-12-16 | Ad Hoc Rock and Peanuts,
0.6177153012,Ad Hoc Rock and Peanuts,2022-12-16,1,Linus And Lucy,The Vince Guaraldi Trio,The Vince Guaraldi Trio - Linus And Lucy,AMP | 2022-12-16 | Ad Hoc Rock and Peanuts,
0.1426002915,Ad Hoc Rock and Peanuts,2022-12-16,10,Black Gold,Soul Asylum,Soul Asylum - Black Gold,AMP | 2022-12-16 | Ad Hoc Rock and Peanuts,
0.8813173122,Ad Hoc Rock and Peanuts,2022-12-16,9,The Unforgettable Fire,U2,U2 - The Unforgettable Fire,AMP | 2022-12-16 | Ad Hoc Rock and Peanuts,
0.1053598202,Ad Hoc Rock and Peanuts,2022-12-16,7,Christmas Time is Here,The Vince Guaraldi Trio,The Vince Guaraldi Trio - Christmas Time is Here,AMP | 2022-12-16 | Ad Hoc Rock and Peanuts,
0.1919032849,Ad Hoc Rock and Peanuts,2022-12-16,2,Everything You Want,Vertical Horizon,Vertical Horizon - Everything You Want,AMP | 2022-12-16 | Ad Hoc Rock and Peanuts,
0.8917310135,Ad Hoc Rock and Peanuts,2022-12-16,11,Bells Will Be Ringing,The Offspring,The Offspring - Bells Will Be Ringing,AMP | 2022-12-16 | Ad Hoc Rock and Peanuts,
0.6818877874,Ad Hoc Rock and Peanuts,2022-12-16,3,Save Me,Remy Zero,Remy Zero - Save Me,AMP | 2022-12-16 | Ad Hoc Rock and Peanuts,
0.3846157097,Ad Hoc Rock and Peanuts,2022-12-16,8,Stay (Wasting Time),The Dave Matthews Band,The Dave Matthews Band - Stay (Wasting Time),AMP | 2022-12-16 | Ad Hoc Rock and Peanuts,
0.1405497292,Ad Hoc Rock and Peanuts,2022-12-16,4,Fall Down,Toad The Wet Sprocket,Toad The Wet Sprocket - Fall Down,AMP | 2022-12-16 | Ad Hoc Rock and Peanuts,
0.03611513372,Ad Hoc Rock and Peanuts,2022-12-16,5,Message of Love,Pretenders,Pretenders - Message of Love,AMP | 2022-12-16 | Ad Hoc Rock and Peanuts,
0.9154910663,Ad Hoc Rock,2022-12-18,8,Love Spreads,The Stone Roses,The Stone Roses - Love Spreads,AMP | 2022-12-18 | Ad Hoc Rock,
0.07343443564,Ad Hoc Rock,2022-12-18,13,Dangerous Type,The Cars,The Cars - Dangerous Type,AMP | 2022-12-18 | Ad Hoc Rock,
0.5760811777,Ad Hoc Rock,2022-12-18,4,Used To Love Her,Guns N’ Roses,Guns N’ Roses - Used To Love Her,AMP | 2022-12-18 | Ad Hoc Rock,
0.9900422067,Ad Hoc Rock,2022-12-18,19,Art School Girl,Stone Temple Pilots,Stone Temple Pilots - Art School Girl,AMP | 2022-12-18 | Ad Hoc Rock,
0.1248289115,Ad Hoc Rock,2022-12-18,10,Good Fortune,PJ Harvey,PJ Harvey - Good Fortune,AMP | 2022-12-18 | Ad Hoc Rock,
0.3583569431,Ad Hoc Rock,2022-12-18,18,Blow At High Dough,The Tragically Hip,The Tragically Hip - Blow At High Dough,AMP | 2022-12-18 | Ad Hoc Rock,
0.9223285694,Ad Hoc Rock,2022-12-18,14,Extreme Ways,Moby,Moby - Extreme Ways,AMP | 2022-12-18 | Ad Hoc Rock,
0.9101185706,Ad Hoc Rock,2022-12-18,9,Hungry Like the Wolf,Duran Duran,Duran Duran - Hungry Like the Wolf,AMP | 2022-12-18 | Ad Hoc Rock,
0.3360335969,Ad Hoc Rock,2022-12-18,17,In The Fade,Queens Of The Stone Age,Queens Of The Stone Age - In The Fade,AMP | 2022-12-18 | Ad Hoc Rock,
0.7117401779,Ad Hoc Rock,2022-12-18,7,Nothing Bad Ever Happens to Me,Oingo Boingo,Oingo Boingo - Nothing Bad Ever Happens to Me,AMP | 2022-12-18 | Ad Hoc Rock,
0.3554769476,Ad Hoc Rock,2022-12-18,15,I Think I'm Paranoid,Garbage,Garbage - I Think I'm Paranoid,AMP | 2022-12-18 | Ad Hoc Rock,
0.513739944,Ad Hoc Rock,2022-12-18,22,Martini,Incubus,Incubus - Martini,AMP | 2022-12-18 | Ad Hoc Rock,
0.4751545351,Ad Hoc Rock,2022-12-18,12,Suedehead,Morrisey,Morrisey - Suedehead,AMP | 2022-12-18 | Ad Hoc Rock,
0.5158634959,Ad Hoc Rock,2022-12-18,20,Angel,The Jimi Hendrix Experience,The Jimi Hendrix Experience - Angel,AMP | 2022-12-18 | Ad Hoc Rock,
0.235219995,Ad Hoc Rock,2022-12-18,5,Morning Glory,Oasis,Oasis - Morning Glory,AMP | 2022-12-18 | Ad Hoc Rock,
0.7933852577,Ad Hoc Rock,2022-12-18,16,Stockhold Syndrome,Muse,Muse - Stockhold Syndrome,AMP | 2022-12-18 | Ad Hoc Rock,
0.1491324107,Ad Hoc Rock,2022-12-18,3,EDGING,blink-182,blink-182 - EDGING,AMP | 2022-12-18 | Ad Hoc Rock,
0.04661713988,Ad Hoc Rock,2022-12-18,11,"Ob-La-Di, Ob-La-Da",The Beatles,"The Beatles - Ob-La-Di, Ob-La-Da",AMP | 2022-12-18 | Ad Hoc Rock,
0.8218041051,Ad Hoc Rock,2022-12-18,2,Adam's Apple,Aerosmith,Aerosmith - Adam's Apple,AMP | 2022-12-18 | Ad Hoc Rock,
0.6267627855,Ad Hoc Rock,2022-12-18,1,She's Got Issues,The Offspring,The Offspring - She's Got Issues,AMP | 2022-12-18 | Ad Hoc Rock,
0.8725903228,Ad Hoc Rock,2022-12-18,21,State of Love and Trust,Pearl Jam,Pearl Jam - State of Love and Trust,AMP | 2022-12-18 | Ad Hoc Rock,
0.5594787348,Ad Hoc Rock,2022-12-18,6,Sunday Sunday,Blur,Blur - Sunday Sunday,AMP | 2022-12-18 | Ad Hoc Rock,
0.5912486149,Ad Hoc Rock,2022-12-18,23,Last Goodbye,Jeff Buckley,Jeff Buckley - Last Goodbye,AMP | 2022-12-18 | Ad Hoc Rock,
0.5260028698,High 5: Led Zeppelin,2022-12-22,2,Ramble On,Led Zeppelin,Led Zeppelin - Ramble On,AMP | 2022-12-22 | High 5: Led Zeppelin,
0.8539979431,High 5: Led Zeppelin,2022-12-22,4,Fool in the Rain,Led Zeppelin,Led Zeppelin - Fool in the Rain,AMP | 2022-12-22 | High 5: Led Zeppelin,
0.1042735827,High 5: Led Zeppelin,2022-12-22,5,South Bound Suarez,Led Zeppelin,Led Zeppelin - South Bound Suarez,AMP | 2022-12-22 | High 5: Led Zeppelin,
0.7588798735,High 5: Led Zeppelin,2022-12-22,1,Intermission,The Offspring,The Offspring - Intermission,AMP | 2022-12-22 | High 5: Led Zeppelin,
0.5435060581,High 5: Led Zeppelin,2022-12-22,7,Other Arms,Robert Plant,Robert Plant - Other Arms,AMP | 2022-12-22 | High 5: Led Zeppelin,
0.2682408727,High 5: Led Zeppelin,2022-12-22,3,The Battle of Evermore,Led Zeppelin,Led Zeppelin - The Battle of Evermore,AMP | 2022-12-22 | High 5: Led Zeppelin,
0.6102529678,High 5: Led Zeppelin,2022-12-22,6,Down By The Seaside,Led Zeppelin,Led Zeppelin - Down By The Seaside,AMP | 2022-12-22 | High 5: Led Zeppelin,
0.2004187705,Ad Hoc Rock,2022-12-24,10,Ahead By A Century,The Tragically Hip,The Tragically Hip - Ahead By A Century,AMP | 2022-12-24 | Ad Hoc Rock,
0.6577190512,Ad Hoc Rock,2022-12-24,18,Blue Christmas,The Brian Setzer Orchestra,The Brian Setzer Orchestra - Blue Christmas,AMP | 2022-12-24 | Ad Hoc Rock,
0.537354588,Ad Hoc Rock,2022-12-24,20,I Got Id,Pearl Jam,Pearl Jam - I Got Id,AMP | 2022-12-24 | Ad Hoc Rock,
0.729313886,Ad Hoc Rock,2022-12-24,8,The Wolf,Mumford & Sons,Mumford & Sons - The Wolf,AMP | 2022-12-24 | Ad Hoc Rock,
0.820212764,Ad Hoc Rock,2022-12-24,4,"Give Me Novacaine, She's a Rebel",Green Day,"Green Day - Give Me Novacaine, She's a Rebel",AMP | 2022-12-24 | Ad Hoc Rock,
0.7990256661,Ad Hoc Rock,2022-12-24,1,Jingle Bells,The Brian Setzer Orchestra,The Brian Setzer Orchestra - Jingle Bells,AMP | 2022-12-24 | Ad Hoc Rock,
0.5171581935,Ad Hoc Rock,2022-12-24,13,Wish You Were Here,Incubus,Incubus - Wish You Were Here,AMP | 2022-12-24 | Ad Hoc Rock,
0.9027229607,Ad Hoc Rock,2022-12-24,19,Ready To Let Go,Cage The Elephant,Cage The Elephant - Ready To Let Go,AMP | 2022-12-24 | Ad Hoc Rock,
0.5578050368,Ad Hoc Rock,2022-12-24,14,Country House,Blur,Blur - Country House,AMP | 2022-12-24 | Ad Hoc Rock,
0.04410320994,Ad Hoc Rock,2022-12-24,7,Howlin' for You,The Black Keys,The Black Keys - Howlin' for You,AMP | 2022-12-24 | Ad Hoc Rock,
0.6447505137,Ad Hoc Rock,2022-12-24,11,Boogie Woogie Santa Clause,The Brian Setzer Orchestra,The Brian Setzer Orchestra - Boogie Woogie Santa Clause,AMP | 2022-12-24 | Ad Hoc Rock,
0.1254958985,Ad Hoc Rock,2022-12-24,22,Christmas,The Offspring,The Offspring - Christmas,AMP | 2022-12-24 | Ad Hoc Rock,
0.6468850596,Ad Hoc Rock,2022-12-24,9,Dead Flowers,The Rolling Stones,The Rolling Stones - Dead Flowers,AMP | 2022-12-24 | Ad Hoc Rock,
0.4065095966,Ad Hoc Rock,2022-12-24,2,November Rain,Guns N’ Roses,Guns N’ Roses - November Rain,AMP | 2022-12-24 | Ad Hoc Rock,
0.04030697593,Ad Hoc Rock,2022-12-24,15,Jackie Blue,The Ozark Mountain Daredevils,The Ozark Mountain Daredevils - Jackie Blue,AMP | 2022-12-24 | Ad Hoc Rock,
0.9226234509,Ad Hoc Rock,2022-12-24,5,Down By The Water,The Decemberists,The Decemberists - Down By The Water,AMP | 2022-12-24 | Ad Hoc Rock,
0.444766121,Ad Hoc Rock,2022-12-24,6,Trashcan,Delta Spirit,Delta Spirit - Trashcan,AMP | 2022-12-24 | Ad Hoc Rock,
0.08192962191,Ad Hoc Rock,2022-12-24,12,Wish You Were Here,Pink Floyd,Pink Floyd - Wish You Were Here,AMP | 2022-12-24 | Ad Hoc Rock,
0.2763426554,Ad Hoc Rock,2022-12-24,21,Over NowDays,Alice In Chains,Alice In Chains - Over NowDays,AMP | 2022-12-24 | Ad Hoc Rock,
0.1226232885,Ad Hoc Rock,2022-12-24,16,Not to Touch the Earth,The Doors,The Doors - Not to Touch the Earth,AMP | 2022-12-24 | Ad Hoc Rock,
0.1358873451,Ad Hoc Rock,2022-12-24,3,Wild Horses,The Rolling Stones,The Rolling Stones - Wild Horses,AMP | 2022-12-24 | Ad Hoc Rock,
0.9684239993,Ad Hoc Rock,2022-12-24,17,Just Like A Man,Del Amitri,Del Amitri - Just Like A Man,AMP | 2022-12-24 | Ad Hoc Rock,
0.02858331407,High 5 R.E.M.,2022-12-25,3,Orange Crush,R.E.M.,R.E.M. - Orange Crush,AMP | 2022-12-25 | High 5 R.E.M.,
0.116436982,High 5 R.E.M.,2022-12-25,2,Shiny Happy People,R.E.M.,R.E.M. - Shiny Happy People,AMP | 2022-12-25 | High 5 R.E.M.,
0.8794388612,High 5 R.E.M.,2022-12-25,6,My Gang,Michael Stipe,Michael Stipe - My Gang,AMP | 2022-12-25 | High 5 R.E.M.,
0.7751878117,High 5 R.E.M.,2022-12-25,5,Stand,R.E.M.,R.E.M. - Stand,AMP | 2022-12-25 | High 5 R.E.M.,
0.1048129488,High 5 R.E.M.,2022-12-25,7,No Time For Love Like Now,Michael Stipe,Michael Stipe - No Time For Love Like Now,AMP | 2022-12-25 | High 5 R.E.M.,
0.4234794979,High 5 R.E.M.,2022-12-25,1,Radio Free Europe,R.E.M.,R.E.M. - Radio Free Europe,AMP | 2022-12-25 | High 5 R.E.M.,
0.5190607687,High 5 R.E.M.,2022-12-25,4,Everybody Hurts,R.E.M.,R.E.M. - Everybody Hurts,AMP | 2022-12-25 | High 5 R.E.M.,
0.05773967992,High 5 R.E.M.,2022-12-25,8,Rhinoceros,The Smashing Pumpkins,The Smashing Pumpkins - Rhinoceros,AMP | 2022-12-25 | High 5 R.E.M.,
0.4115426226,High 5 Rush,2022-12-28,5,Entre Nous,Rush,Rush - Entre Nous,AMP | 2022-12-28 | High 5 Rush,
0.551688524,High 5 Rush,2022-12-28,2,Cygnus X-1,Rush,Rush - Cygnus X-1,AMP | 2022-12-28 | High 5 Rush,
0.8016678803,High 5 Rush,2022-12-28,4,La Villa Strangiato,Rush,Rush - La Villa Strangiato,AMP | 2022-12-28 | High 5 Rush,
0.07312683294,High 5 Rush,2022-12-28,1,Tom Sawyer,Rush,Rush - Tom Sawyer,AMP | 2022-12-28 | High 5 Rush,
0.2630722934,High 5 Rush,2022-12-28,3,Subdivisions,Rush,Rush - Subdivisions,AMP | 2022-12-28 | High 5 Rush,
0.3347094291,High 5 Rush,2022-12-28,6,Voices Carry,Til Tuesday,Til Tuesday - Voices Carry,AMP | 2022-12-28 | High 5 Rush,
0.1628035254,Ad Hoc Rock,2022-12-30,13,Feel the Pain,Dinosaur Jr.,Dinosaur Jr. - Feel the Pain,AMP | 2022-12-30 | Ad Hoc Rock,
0.4356454036,Ad Hoc Rock,2022-12-30,5,These Days,Alien Ant Farm,Alien Ant Farm - These Days,AMP | 2022-12-30 | Ad Hoc Rock,
0.06349355914,Ad Hoc Rock,2022-12-30,6,Let It Go,Def Leppard,Def Leppard - Let It Go,AMP | 2022-12-30 | Ad Hoc Rock,
0.1568908541,Ad Hoc Rock,2022-12-30,12,Uncontrollable Urge,Devo,Devo - Uncontrollable Urge,AMP | 2022-12-30 | Ad Hoc Rock,
0.5275279218,Ad Hoc Rock,2022-12-30,3,Lonely Day,System Of A Down,System Of A Down - Lonely Day,AMP | 2022-12-30 | Ad Hoc Rock,
0.1717392269,Ad Hoc Rock,2022-12-30,1,Falling to Pieces,Faith No More,Faith No More - Falling to Pieces,AMP | 2022-12-30 | Ad Hoc Rock,
0.7994082424,Ad Hoc Rock,2022-12-30,8,Everybody Wants Some,Van Halen,Van Halen - Everybody Wants Some,AMP | 2022-12-30 | Ad Hoc Rock,
0.7355551625,Ad Hoc Rock,2022-12-30,15,When the Levee Breaks,Led Zeppelin,Led Zeppelin - When the Levee Breaks,AMP | 2022-12-30 | Ad Hoc Rock,
0.2486976406,Ad Hoc Rock,2022-12-30,16,Doo Doo Doo Doo Doo (Heartbreaker),The Rolling Stones,The Rolling Stones - Doo Doo Doo Doo Doo (Heartbreaker),AMP | 2022-12-30 | Ad Hoc Rock,
0.9221544355,Ad Hoc Rock,2022-12-30,17,She's The One,Bruce Springsteen,Bruce Springsteen - She's The One,AMP | 2022-12-30 | Ad Hoc Rock,
0.9696137071,Ad Hoc Rock,2022-12-30,2,New Year's Day,U2,U2 - New Year's Day,AMP | 2022-12-30 | Ad Hoc Rock,
0.420047003,Ad Hoc Rock,2022-12-30,10,Working for the Weekend,Loverboy,Loverboy - Working for the Weekend,AMP | 2022-12-30 | Ad Hoc Rock,
0.2585943405,Ad Hoc Rock,2022-12-30,11,Night Flight,Led Zeppelin,Led Zeppelin - Night Flight,AMP | 2022-12-30 | Ad Hoc Rock,
0.7200915155,Ad Hoc Rock,2022-12-30,9,Cabo Wabo,Van Halen,Van Halen - Cabo Wabo,AMP | 2022-12-30 | Ad Hoc Rock,
0.5477329159,Ad Hoc Rock,2022-12-30,7,Infected,Bad Religion,Bad Religion - Infected,AMP | 2022-12-30 | Ad Hoc Rock,
0.2883518706,Ad Hoc Rock,2022-12-30,14,Why Don't We Do It In The Road,The Beatles,The Beatles - Why Don't We Do It In The Road,AMP | 2022-12-30 | Ad Hoc Rock,
0.7452126565,Ad Hoc Rock,2022-12-30,4,Been Caught Stealing,Jane’s Addiction,Jane’s Addiction - Been Caught Stealing,AMP | 2022-12-30 | Ad Hoc Rock,
0.9860101861,Ad Hoc Rock,2022-12-30,18,Happy Trails,Van Halen,Van Halen - Happy Trails,AMP | 2022-12-30 | Ad Hoc Rock,
0.3247435666,Ad Hoc Grunge and Nu,2023-01-07,10,Drive,Deftones,Deftones - Drive,AMP | 2023-01-07 | Ad Hoc Grunge and Nu,
0.6746163774,Ad Hoc Grunge and Nu,2023-01-07,15,Doesn't Remind Me,Audioslave,Audioslave - Doesn't Remind Me,AMP | 2023-01-07 | Ad Hoc Grunge and Nu,
0.1811186599,Ad Hoc Grunge and Nu,2023-01-07,8,Sunshower,Chris Cornell,Chris Cornell - Sunshower,AMP | 2023-01-07 | Ad Hoc Grunge and Nu,
0.1229067451,Ad Hoc Grunge and Nu,2023-01-07,17,Falling Away from Me,Korn,Korn - Falling Away from Me,AMP | 2023-01-07 | Ad Hoc Grunge and Nu,
0.5105870961,Ad Hoc Grunge and Nu,2023-01-07,18,Bat Country,Avenged Sevenfold,Avenged Sevenfold - Bat Country,AMP | 2023-01-07 | Ad Hoc Grunge and Nu,
0.1446902944,Ad Hoc Grunge and Nu,2023-01-07,24,Don't Stop Believin',Journey,Journey - Don't Stop Believin',AMP | 2023-01-07 | Ad Hoc Grunge and Nu,
0.3306418763,Ad Hoc Grunge and Nu,2023-01-07,4,All in the Suit That You Wear,Stone Temple Pilots,Stone Temple Pilots - All in the Suit That You Wear,AMP | 2023-01-07 | Ad Hoc Grunge and Nu,
0.3702975151,Ad Hoc Grunge and Nu,2023-01-07,3,Shelf In The Room,Days Of The New,Days Of The New - Shelf In The Room,AMP | 2023-01-07 | Ad Hoc Grunge and Nu,
0.7875150332,Ad Hoc Grunge and Nu,2023-01-07,12,Rats,Pearl Jam,Pearl Jam - Rats,AMP | 2023-01-07 | Ad Hoc Grunge and Nu,
0.3518500812,Ad Hoc Grunge and Nu,2023-01-07,22,Grind,Alice In Chains,Alice In Chains - Grind,AMP | 2023-01-07 | Ad Hoc Grunge and Nu,
0.9402650236,Ad Hoc Grunge and Nu,2023-01-07,2,Shadow of the Day,Linkin Park,Linkin Park - Shadow of the Day,AMP | 2023-01-07 | Ad Hoc Grunge and Nu,
0.3808060494,Ad Hoc Grunge and Nu,2023-01-07,23,Everything's Ruined,Faith No More,Faith No More - Everything's Ruined,AMP | 2023-01-07 | Ad Hoc Grunge and Nu,
0.1025570385,Ad Hoc Grunge and Nu,2023-01-07,11,Toxicity,System Of A Down,System Of A Down - Toxicity,AMP | 2023-01-07 | Ad Hoc Grunge and Nu,
0.6511519699,Ad Hoc Grunge and Nu,2023-01-07,14,Possum Kingdom,Toadies,Toadies - Possum Kingdom,AMP | 2023-01-07 | Ad Hoc Grunge and Nu,
0.1774281174,Ad Hoc Grunge and Nu,2023-01-07,7,Go With The Flow,Queens Of The Stone Age,Queens Of The Stone Age - Go With The Flow,AMP | 2023-01-07 | Ad Hoc Grunge and Nu,
0.3201659561,Ad Hoc Grunge and Nu,2023-01-07,21,Guilty,Stone Temple Pilots,Stone Temple Pilots - Guilty,AMP | 2023-01-07 | Ad Hoc Grunge and Nu,
0.3624705932,Ad Hoc Grunge and Nu,2023-01-07,6,Everything Always,The Blackwater Fever,The Blackwater Fever - Everything Always,AMP | 2023-01-07 | Ad Hoc Grunge and Nu,
0.8284025441,Ad Hoc Grunge and Nu,2023-01-07,5,She Builds Quick Machines,Velvet Revolver,Velvet Revolver - She Builds Quick Machines,AMP | 2023-01-07 | Ad Hoc Grunge and Nu,
0.5245639651,Ad Hoc Grunge and Nu,2023-01-07,9,Serve The Servants,Nirvana,Nirvana - Serve The Servants,AMP | 2023-01-07 | Ad Hoc Grunge and Nu,
0.1596150088,Ad Hoc Grunge and Nu,2023-01-07,20,Sound of Madness,Shinedown,Shinedown - Sound of Madness,AMP | 2023-01-07 | Ad Hoc Grunge and Nu,
0.8517602204,Ad Hoc Grunge and Nu,2023-01-07,16,For You,Staind,Staind - For You,AMP | 2023-01-07 | Ad Hoc Grunge and Nu,
0.8085233548,Ad Hoc Grunge and Nu,2023-01-07,13,Your Decision,Alice In Chains,Alice In Chains - Your Decision,AMP | 2023-01-07 | Ad Hoc Grunge and Nu,
0.7580346805,Ad Hoc Grunge and Nu,2023-01-07,19,Waiting for the End,Linkin Park,Linkin Park - Waiting for the End,AMP | 2023-01-07 | Ad Hoc Grunge and Nu,
0.2290707391,Ad Hoc Grunge and Nu,2023-01-07,1,Fly Away,Lenny Kravitz,Lenny Kravitz - Fly Away,AMP | 2023-01-07 | Ad Hoc Grunge and Nu,
0.632829406,Self Titled Album Songs,2023-01-14,13,On the Border,Eagles,Eagles - On the Border,AMP | 2023-01-14 | Self Titled Album Songs,
0.7481249143,Self Titled Album Songs,2023-01-14,12,Let It Be,The Beatles,The Beatles - Let It Be,AMP | 2023-01-14 | Self Titled Album Songs,
0.8457397495,Self Titled Album Songs,2023-01-14,18,Emotional Rescue,The Rolling Stones,The Rolling Stones - Emotional Rescue,AMP | 2023-01-14 | Self Titled Album Songs,
0.03014111111,Self Titled Album Songs,2023-01-14,9,Jamie's Cryin',Van Halen,Van Halen - Jamie's Cryin',AMP | 2023-01-14 | Self Titled Album Songs,
0.4070558654,Self Titled Album Songs,2023-01-14,3,Candy-O,The Cars,The Cars - Candy-O,AMP | 2023-01-14 | Self Titled Album Songs,
0.4883953926,Self Titled Album Songs,2023-01-14,1,Freeze Frame,The J. Geils Band,The J. Geils Band - Freeze Frame,AMP | 2023-01-14 | Self Titled Album Songs,
0.0825179743,Self Titled Album Songs,2023-01-14,11,Fly By Night,Rush,Rush - Fly By Night,AMP | 2023-01-14 | Self Titled Album Songs,
0.7699384745,Self Titled Album Songs,2023-01-14,7,Synchronicity I,The Police,The Police - Synchronicity I,AMP | 2023-01-14 | Self Titled Album Songs,
0.316556719,Self Titled Album Songs,2023-01-14,16,Aenima,Tool,Tool - Aenima,AMP | 2023-01-14 | Self Titled Album Songs,
0.9469471222,Self Titled Album Songs,2023-01-14,21,For Those About to Rock (We Salute You),AC/DC,AC/DC - For Those About to Rock (We Salute You),AMP | 2023-01-14 | Self Titled Album Songs,
0.5490673912,Self Titled Album Songs,2023-01-14,19,Born To Run,Bruce Springsteen,Bruce Springsteen - Born To Run,AMP | 2023-01-14 | Self Titled Album Songs,
0.06982891863,Self Titled Album Songs,2023-01-14,20,Who Are You,The Who,The Who - Who Are You,AMP | 2023-01-14 | Self Titled Album Songs,
0.9486372034,Self Titled Album Songs,2023-01-14,17,Back in Black,AC/DC,AC/DC - Back in Black,AMP | 2023-01-14 | Self Titled Album Songs,
0.661054434,Self Titled Album Songs,2023-01-14,4,Highway to Hell,AC/DC,AC/DC - Highway to Hell,AMP | 2023-01-14 | Self Titled Album Songs,
0.02795816259,Self Titled Album Songs,2023-01-14,2,L. A. Woman,The Doors,The Doors - L. A. Woman,AMP | 2023-01-14 | Self Titled Album Songs,
0.8276630718,Self Titled Album Songs,2023-01-14,8,Synchronicity II,The Police,The Police - Synchronicity II,AMP | 2023-01-14 | Self Titled Album Songs,
0.3683927641,Self Titled Album Songs,2023-01-14,15,American Idiot,Green Day,Green Day - American Idiot,AMP | 2023-01-14 | Self Titled Album Songs,
0.359754317,Self Titled Album Songs,2023-01-14,5,5150,Van Halen,Van Halen - 5150,AMP | 2023-01-14 | Self Titled Album Songs,
0.8394159198,Self Titled Album Songs,2023-01-14,22,Spacehog,Spacehog,Spacehog - Spacehog,AMP | 2023-01-14 | Self Titled Album Songs,
0.2676986268,Self Titled Album Songs,2023-01-14,10,Break on Through (Live),The Doors,The Doors - Break on Through (Live),AMP | 2023-01-14 | Self Titled Album Songs,
0.3496610753,Self Titled Album Songs,2023-01-14,14,So Much For The Afterglow,Everclear,Everclear - So Much For The Afterglow,AMP | 2023-01-14 | Self Titled Album Songs,
0.138570971,Self Titled Album Songs,2023-01-14,6,Scary Monsters,David Bowie,David Bowie - Scary Monsters,AMP | 2023-01-14 | Self Titled Album Songs,
0.6699038206,High 5: Faith No More + System of a Down,2023-01-15,3,Just a Man,Faith No More,Faith No More - Just a Man,AMP | 2023-01-15 | High 5: Faith No More + System of a Down,
0.7993387332,High 5: Faith No More + System of a Down,2023-01-15,10,Toxicity,System Of A Down,System Of A Down - Toxicity,AMP | 2023-01-15 | High 5: Faith No More + System of a Down,
0.1004972291,High 5: Faith No More + System of a Down,2023-01-15,11,Empty Walls (Live),"Serj Tankian, The FCC","Serj Tankian, The FCC - Empty Walls (Live)",AMP | 2023-01-15 | High 5: Faith No More + System of a Down,
0.5381644433,High 5: Faith No More + System of a Down,2023-01-15,8,Innervision,System Of A Down,System Of A Down - Innervision,AMP | 2023-01-15 | High 5: Faith No More + System of a Down,
0.3581336213,High 5: Faith No More + System of a Down,2023-01-15,5,Easy,Faith No More,Faith No More - Easy,AMP | 2023-01-15 | High 5: Faith No More + System of a Down,
0.4239748071,High 5: Faith No More + System of a Down,2023-01-15,12,Oildale (Leave Me Alone),Korn,Korn - Oildale (Leave Me Alone),AMP | 2023-01-15 | High 5: Faith No More + System of a Down,
0.6865714456,High 5: Faith No More + System of a Down,2023-01-15,2,RV,Faith No More,Faith No More - RV,AMP | 2023-01-15 | High 5: Faith No More + System of a Down,
0.5869923329,High 5: Faith No More + System of a Down,2023-01-15,7,Lonely Day,System Of A Down,System Of A Down - Lonely Day,AMP | 2023-01-15 | High 5: Faith No More + System of a Down,
0.7759871838,High 5: Faith No More + System of a Down,2023-01-15,6,Aerials,System Of A Down,System Of A Down - Aerials,AMP | 2023-01-15 | High 5: Faith No More + System of a Down,
0.07863584272,High 5: Faith No More + System of a Down,2023-01-15,9,Holy Mountains,System Of A Down,System Of A Down - Holy Mountains,AMP | 2023-01-15 | High 5: Faith No More + System of a Down,
0.04436587987,High 5: Faith No More + System of a Down,2023-01-15,4,Ashes to Ashes,Faith No More,Faith No More - Ashes to Ashes,AMP | 2023-01-15 | High 5: Faith No More + System of a Down,
0.6581127107,High 5: Faith No More + System of a Down,2023-01-15,1,Falling to Pieces,Faith No More,Faith No More - Falling to Pieces,AMP | 2023-01-15 | High 5: Faith No More + System of a Down,
0.3959321288,AHR Covers,2023-01-16,12,Dancing Days,Stone Temple Pilots,Stone Temple Pilots - Dancing Days,AMP | 2023-01-16 | AHR Covers,
0.4858111307,AHR Covers,2023-01-16,3,Come Together,Aerosmith,Aerosmith - Come Together,AMP | 2023-01-16 | AHR Covers,
0.9457730353,AHR Covers,2023-01-16,13,Break on Through (To the Other Side),Vanilla Fudge,Vanilla Fudge - Break on Through (To the Other Side),AMP | 2023-01-16 | AHR Covers,
0.81154569,AHR Covers,2023-01-16,4,Hurt,Johnny Cash,Johnny Cash - Hurt,AMP | 2023-01-16 | AHR Covers,
0.8718659078,AHR Covers,2023-01-16,9,You Really Got Me,Van Halen,Van Halen - You Really Got Me,AMP | 2023-01-16 | AHR Covers,
0.7907262841,AHR Covers,2023-01-16,7,Live And Let Die,Guns N’ Roses,Guns N’ Roses - Live And Let Die,AMP | 2023-01-16 | AHR Covers,
0.5266752839,AHR Covers,2023-01-16,14,Kockin' On Heaven's Door,Guns N’ Roses,Guns N’ Roses - Kockin' On Heaven's Door,AMP | 2023-01-16 | AHR Covers,
0.1461496255,AHR Covers,2023-01-16,16,Happy Trails,Van Halen,Van Halen - Happy Trails,AMP | 2023-01-16 | AHR Covers,
0.9769251149,AHR Covers,2023-01-16,1,Roll Over Beethoven,Electric Light Orchestra,Electric Light Orchestra - Roll Over Beethoven,AMP | 2023-01-16 | AHR Covers,
0.510517768,AHR Covers,2023-01-16,2,Alone Again Or,The Damned,The Damned - Alone Again Or,AMP | 2023-01-16 | AHR Covers,
0.02431130466,AHR Covers,2023-01-16,15,In Bloom,Sturgill Simpson,Sturgill Simpson - In Bloom,AMP | 2023-01-16 | AHR Covers,
0.5687575806,AHR Covers,2023-01-16,8,Pinball Wizard,Elton John,Elton John - Pinball Wizard,AMP | 2023-01-16 | AHR Covers,
0.5396477525,AHR Covers,2023-01-16,6,I Can't Get No Satisfaction,Devo,Devo - I Can't Get No Satisfaction,AMP | 2023-01-16 | AHR Covers,
0.0941642092,AHR Covers,2023-01-16,11,Where Have All the Good Times Gone,Van Halen,Van Halen - Where Have All the Good Times Gone,AMP | 2023-01-16 | AHR Covers,
0.1817120542,AHR Covers,2023-01-16,10,(Oh) Pretty Woman,Van Halen,Van Halen - (Oh) Pretty Woman,AMP | 2023-01-16 | AHR Covers,
0.3033584662,AHR Covers,2023-01-16,5,Sweet Jane,Cowboy Junkies,Cowboy Junkies - Sweet Jane,AMP | 2023-01-16 | AHR Covers,
0.5989780045,Late Night Noise,2023-01-19,3,Slow Motion Sickness,Dave Navarro,Dave Navarro - Slow Motion Sickness,AMP | 2023-01-19 | Late Night Noise,
0.6976972391,Late Night Noise,2023-01-19,12,Our House,"Crosby, Stills, Nash & Young","Crosby, Stills, Nash & Young - Our House",AMP | 2023-01-19 | Late Night Noise,
0.3722150338,Late Night Noise,2023-01-19,4,Seasons,Chris Cornell,Chris Cornell - Seasons,AMP | 2023-01-19 | Late Night Noise,
0.409396075,Late Night Noise,2023-01-19,2,My Song,Jerry Cantrell,Jerry Cantrell - My Song,AMP | 2023-01-19 | Late Night Noise,
0.8589545469,Late Night Noise,2023-01-19,6,Just Another Day,Oingo Boingo,Oingo Boingo - Just Another Day,AMP | 2023-01-19 | Late Night Noise,
0.6161287839,Late Night Noise,2023-01-19,5,Feel the Pain,Dinosaur Jr.,Dinosaur Jr. - Feel the Pain,AMP | 2023-01-19 | Late Night Noise,
0.8730428266,Late Night Noise,2023-01-19,7,Ana's Song (Open Fire),Silverchair,Silverchair - Ana's Song (Open Fire),AMP | 2023-01-19 | Late Night Noise,
0.5557988644,Late Night Noise,2023-01-19,11,Rock and Roll Ain't Noise Pollution,AC/DC,AC/DC - Rock and Roll Ain't Noise Pollution,AMP | 2023-01-19 | Late Night Noise,
0.6655251078,Late Night Noise,2023-01-19,1,Where the River Goes,Stone Temple Pilots,Stone Temple Pilots - Where the River Goes,AMP | 2023-01-19 | Late Night Noise,
0.1816953879,Late Night Noise,2023-01-19,9,Struck A Nerve,Bad Religion,Bad Religion - Struck A Nerve,AMP | 2023-01-19 | Late Night Noise,
0.8741576942,Late Night Noise,2023-01-19,10,Straight to Hell,The Clash,The Clash - Straight to Hell,AMP | 2023-01-19 | Late Night Noise,
0.3061420093,Late Night Noise,2023-01-19,8,The Unforgettable Fire,U2,U2 - The Unforgettable Fire,AMP | 2023-01-19 | Late Night Noise,
0.1507813804,Ad Hoc Rock,2023-01-22,12,Why'd You Only Call Me When You're High,Arctic Monkeys,Arctic Monkeys - Why'd You Only Call Me When You're High,AMP | 2023-01-22 | Ad Hoc Rock,
0.8374348059,Ad Hoc Rock,2023-01-22,8,Jumper,Third Eye Blind,Third Eye Blind - Jumper,AMP | 2023-01-22 | Ad Hoc Rock,
0.7470811712,Ad Hoc Rock,2023-01-22,5,Ride,Twenty One Pilots,Twenty One Pilots - Ride,AMP | 2023-01-22 | Ad Hoc Rock,
0.2103822886,Ad Hoc Rock,2023-01-22,16,Believe,The Bravery,The Bravery - Believe,AMP | 2023-01-22 | Ad Hoc Rock,
0.8940101536,Ad Hoc Rock,2023-01-22,13,Headwires,Foo Fighters,Foo Fighters - Headwires,AMP | 2023-01-22 | Ad Hoc Rock,
0.5257734256,Ad Hoc Rock,2023-01-22,6,Comments,Iggy Pop,Iggy Pop - Comments,AMP | 2023-01-22 | Ad Hoc Rock,
0.8180939565,Ad Hoc Rock,2023-01-22,17,Transmissions from a Lonely Room,Stone Temple Pilots,Stone Temple Pilots - Transmissions from a Lonely Room,AMP | 2023-01-22 | Ad Hoc Rock,
0.06989560392,Ad Hoc Rock,2023-01-22,14,Heavy,Collective Soul,Collective Soul - Heavy,AMP | 2023-01-22 | Ad Hoc Rock,
0.4343076813,Ad Hoc Rock,2023-01-22,3,This Beat Goes On,The Kings,The Kings - This Beat Goes On,AMP | 2023-01-22 | Ad Hoc Rock,
0.4937178481,Ad Hoc Rock,2023-01-22,7,Elevate,The Winery Dogs,The Winery Dogs - Elevate,AMP | 2023-01-22 | Ad Hoc Rock,
0.3912077497,Ad Hoc Rock,2023-01-22,2,Days of the Week,Stone Temple Pilots,Stone Temple Pilots - Days of the Week,AMP | 2023-01-22 | Ad Hoc Rock,
0.8450860568,Ad Hoc Rock,2023-01-22,11,Think About It,American Authors,American Authors - Think About It,AMP | 2023-01-22 | Ad Hoc Rock,
0.2361067193,Ad Hoc Rock,2023-01-22,9,Fall Down,Toad The Wet Sprocket,Toad The Wet Sprocket - Fall Down,AMP | 2023-01-22 | Ad Hoc Rock,
0.1094075303,Ad Hoc Rock,2023-01-22,1,Friday On My Mind,The Easybeats,The Easybeats - Friday On My Mind,AMP | 2023-01-22 | Ad Hoc Rock,
0.04852763823,Ad Hoc Rock,2023-01-22,4,The Modern Age,The Strokes,The Strokes - The Modern Age,AMP | 2023-01-22 | Ad Hoc Rock,
0.8086242953,Ad Hoc Rock,2023-01-22,15,Howlin' for You,The Black Keys,The Black Keys - Howlin' for You,AMP | 2023-01-22 | Ad Hoc Rock,
0.2568159568,Ad Hoc Rock,2023-01-22,18,A Song for Sleeping,Stone Temple Pilots,Stone Temple Pilots - A Song for Sleeping,AMP | 2023-01-22 | Ad Hoc Rock,
0.3091997543,Ad Hoc Rock,2023-01-22,10,Sweater Weather,The Neighborhood,The Neighborhood - Sweater Weather,AMP | 2023-01-22 | Ad Hoc Rock,
0.3190999558,Night Ender,2023-01-26,16,Train in Vain (Stand by Me),The Clash,The Clash - Train in Vain (Stand by Me),AMP | 2023-01-26 | Night Ender,
0.7124119671,Night Ender,2023-01-26,18,Is There Something I Should Know?,Duran Duran,Duran Duran - Is There Something I Should Know?,AMP | 2023-01-26 | Night Ender,
0.09487458962,Night Ender,2023-01-26,9,Amber,311,311 - Amber,AMP | 2023-01-26 | Night Ender,
0.850122031,Night Ender,2023-01-26,4,Garden,Pearl Jam,Pearl Jam - Garden,AMP | 2023-01-26 | Night Ender,
0.652067057,Night Ender,2023-01-26,12,Can't Get There From Here,R.E.M.,R.E.M. - Can't Get There From Here,AMP | 2023-01-26 | Night Ender,
0.9326586258,Night Ender,2023-01-26,11,Just Because,Jane’s Addiction,Jane’s Addiction - Just Because,AMP | 2023-01-26 | Night Ender,
0.8068748786,Night Ender,2023-01-26,15,How Soon Is Now?,The Smiths,The Smiths - How Soon Is Now?,AMP | 2023-01-26 | Night Ender,
0.6294411647,Night Ender,2023-01-26,14,Back Against the Wall,Cage The Elephant,Cage The Elephant - Back Against the Wall,AMP | 2023-01-26 | Night Ender,
0.2559272532,Night Ender,2023-01-26,7,She,Green Day,Green Day - She,AMP | 2023-01-26 | Night Ender,
0.7849957003,Night Ender,2023-01-26,20,The Ghost At Number One,Jellyfish,Jellyfish - The Ghost At Number One,AMP | 2023-01-26 | Night Ender,
0.8740084877,Night Ender,2023-01-26,17,Starlight,Muse,Muse - Starlight,AMP | 2023-01-26 | Night Ender,
0.9512625655,Night Ender,2023-01-26,6,About A Girl,Nirvana,Nirvana - About A Girl,AMP | 2023-01-26 | Night Ender,
0.7729244147,Night Ender,2023-01-26,2,Goodbye Stranger,Supertramp,Supertramp - Goodbye Stranger,AMP | 2023-01-26 | Night Ender,
0.460341937,Night Ender,2023-01-26,1,Take It Easy,Eagles,Eagles - Take It Easy,AMP | 2023-01-26 | Night Ender,
0.4709427031,Night Ender,2023-01-26,13,House of Gold,Twenty One Pilots,Twenty One Pilots - House of Gold,AMP | 2023-01-26 | Night Ender,
0.7694868744,Night Ender,2023-01-26,22,Martini,Incubus,Incubus - Martini,AMP | 2023-01-26 | Night Ender,
0.9460685466,Night Ender,2023-01-26,21,All in the Suite That You Wear,Stone Temple Pilots,Stone Temple Pilots - All in the Suite That You Wear,AMP | 2023-01-26 | Night Ender,
0.3222734358,Night Ender,2023-01-26,3,Limelight,Rush,Rush - Limelight,AMP | 2023-01-26 | Night Ender,
0.144335265,Night Ender,2023-01-26,5,Touch of Grey,Grateful Dead,Grateful Dead - Touch of Grey,AMP | 2023-01-26 | Night Ender,
0.6171155152,Night Ender,2023-01-26,10,Breaking the Girl,Red Hot Chili Peppers,Red Hot Chili Peppers - Breaking the Girl,AMP | 2023-01-26 | Night Ender,
0.4060151542,Night Ender,2023-01-26,19,The Kids Aren't Alright,The Offspring,The Offspring - The Kids Aren't Alright,AMP | 2023-01-26 | Night Ender,
0.6279403774,Night Ender,2023-01-26,8,Somewhere I Belong,Linkin Park,Linkin Park - Somewhere I Belong,AMP | 2023-01-26 | Night Ender,
0.2435473165,Ad Hoc Rock,2023-01-28,8,People Say,Portugal. The Man,Portugal. The Man - People Say,AMP | 2023-01-28 | Ad Hoc Rock,
0.1438107545,Ad Hoc Rock,2023-01-28,9,Only A Lad,Oingo Boingo,Oingo Boingo - Only A Lad,AMP | 2023-01-28 | Ad Hoc Rock,
0.4560076267,Ad Hoc Rock,2023-01-28,12,Set Me Free,Velvet Revolver,Velvet Revolver - Set Me Free,AMP | 2023-01-28 | Ad Hoc Rock,
0.08711191619,Ad Hoc Rock,2023-01-28,1,What It Takes,Aerosmith,Aerosmith - What It Takes,AMP | 2023-01-28 | Ad Hoc Rock,
0.9627159678,Ad Hoc Rock,2023-01-28,5,Stay,Oingo Boingo,Oingo Boingo - Stay,AMP | 2023-01-28 | Ad Hoc Rock,
0.9267797279,Ad Hoc Rock,2023-01-28,3,Darlene,Led Zeppelin,Led Zeppelin - Darlene,AMP | 2023-01-28 | Ad Hoc Rock,
0.2653136838,Ad Hoc Rock,2023-01-28,13,Show Me How to Live,Audioslave,Audioslave - Show Me How to Live,AMP | 2023-01-28 | Ad Hoc Rock,
0.05771945318,Ad Hoc Rock,2023-01-28,2,Seasons of Wither,Aerosmith,Aerosmith - Seasons of Wither,AMP | 2023-01-28 | Ad Hoc Rock,
0.6511993626,Ad Hoc Rock,2023-01-28,7,Girls Got Rhythm,AC/DC,AC/DC - Girls Got Rhythm,AMP | 2023-01-28 | Ad Hoc Rock,
0.4944660773,Ad Hoc Rock,2023-01-28,6,Big Balls,AC/DC,AC/DC - Big Balls,AMP | 2023-01-28 | Ad Hoc Rock,
0.1950632576,Ad Hoc Rock,2023-01-28,4,I Got Id,Pearl Jam,Pearl Jam - I Got Id,AMP | 2023-01-28 | Ad Hoc Rock,
0.5913079165,Ad Hoc Rock,2023-01-28,15,Dead Souls,Nine Inch Nails,Nine Inch Nails - Dead Souls,AMP | 2023-01-28 | Ad Hoc Rock,
0.128508863,Ad Hoc Rock,2023-01-28,10,Good Vibrations,The Beach Boys,The Beach Boys - Good Vibrations,AMP | 2023-01-28 | Ad Hoc Rock,
0.3081970473,Ad Hoc Rock,2023-01-28,11,Touch Me,The Doors,The Doors - Touch Me,AMP | 2023-01-28 | Ad Hoc Rock,
0.07512183549,Ad Hoc Rock,2023-01-28,14,3's & 7's,Queens Of The Stone Age,Queens Of The Stone Age - 3's & 7's,AMP | 2023-01-28 | Ad Hoc Rock,
0.9880932684,40 mins of Prog Rock,2023-02-01,3,Heart of the Sunrise,Yes,Yes - Heart of the Sunrise,AMP | 2023-02-01 | 40 mins of Prog Rock,
0.1001942604,40 mins of Prog Rock,2023-02-01,2,Eleventh Earl of Mar,Genesis,Genesis - Eleventh Earl of Mar,AMP | 2023-02-01 | 40 mins of Prog Rock,
0.783847639,40 mins of Prog Rock,2023-02-01,1,In the Court of the Crimson King,King Crimson,King Crimson - In the Court of the Crimson King,AMP | 2023-02-01 | 40 mins of Prog Rock,
0.1266099544,40 mins of Prog Rock,2023-02-01,5,Breakdown,The Alan Parsons Project,The Alan Parsons Project - Breakdown,AMP | 2023-02-01 | 40 mins of Prog Rock,
0.9988638993,40 mins of Prog Rock,2023-02-01,4,Magnum Opus,Kansas,Kansas - Magnum Opus,AMP | 2023-02-01 | 40 mins of Prog Rock,
0.4127497414,High 5 Eagles,2023-02-05,9,Meadows,Joe Walsh,Joe Walsh - Meadows,AMP | 2023-02-05 | High 5 Eagles,
0.3037477556,High 5 Eagles,2023-02-05,12,The Confessor,Joe Walsh,Joe Walsh - The Confessor,AMP | 2023-02-05 | High 5 Eagles,
0.8819059528,High 5 Eagles,2023-02-05,4,The Long Run,Eagles,Eagles - The Long Run,AMP | 2023-02-05 | High 5 Eagles,
0.3197527797,High 5 Eagles,2023-02-05,7,Leather and Lace,Stevie Nicks,Stevie Nicks - Leather and Lace,AMP | 2023-02-05 | High 5 Eagles,
0.8084598276,High 5 Eagles,2023-02-05,1,Lyin' Eyes,Eagles,Eagles - Lyin' Eyes,AMP | 2023-02-05 | High 5 Eagles,
0.5684721096,High 5 Eagles,2023-02-05,10,Dirty Laundry,Don Henley,Don Henley - Dirty Laundry,AMP | 2023-02-05 | High 5 Eagles,
0.892445609,High 5 Eagles,2023-02-05,11,A Life of Illusion,Joe Walsh,Joe Walsh - A Life of Illusion,AMP | 2023-02-05 | High 5 Eagles,
0.5659454905,High 5 Eagles,2023-02-05,5,New Kid in Town,Eagles,Eagles - New Kid in Town,AMP | 2023-02-05 | High 5 Eagles,
0.04520587242,High 5 Eagles,2023-02-05,6,Heavy Metal,Don Felder,Don Felder - Heavy Metal,AMP | 2023-02-05 | High 5 Eagles,
0.5688171596,High 5 Eagles,2023-02-05,8,Fund #48,The James Gang,The James Gang - Fund #48,AMP | 2023-02-05 | High 5 Eagles,
0.2343592065,High 5 Eagles,2023-02-05,3,Witchy Woman,Eagles,Eagles - Witchy Woman,AMP | 2023-02-05 | High 5 Eagles,
0.4816793836,High 5 Eagles,2023-02-05,2,Deperado,Eagles,Eagles - Deperado,AMP | 2023-02-05 | High 5 Eagles,
0.7316055957,MUYA 48 Night Ender: TRL Hair Metal,2023-02-05,5,Look What The Cat Dragged In (Live),Poison,Poison - Look What The Cat Dragged In (Live),AMP | 2023-02-05 | MUYA 48 Night Ender: TRL Hair Metal,
0.9201825659,MUYA 48 Night Ender: TRL Hair Metal,2023-02-05,2,Poison,Alice Cooper,Alice Cooper - Poison,AMP | 2023-02-05 | MUYA 48 Night Ender: TRL Hair Metal,
0.822962497,MUYA 48 Night Ender: TRL Hair Metal,2023-02-05,4,Rock You Like A Hurricane,Scorpions,Scorpions - Rock You Like A Hurricane,AMP | 2023-02-05 | MUYA 48 Night Ender: TRL Hair Metal,
0.7464275188,MUYA 48 Night Ender: TRL Hair Metal,2023-02-05,7,Pour Some Sugar On Me,Def Leppard,Def Leppard - Pour Some Sugar On Me,AMP | 2023-02-05 | MUYA 48 Night Ender: TRL Hair Metal,
0.994459565,MUYA 48 Night Ender: TRL Hair Metal,2023-02-05,1,Here I Go Again,Whitesnake,Whitesnake - Here I Go Again,AMP | 2023-02-05 | MUYA 48 Night Ender: TRL Hair Metal,
0.2947397607,MUYA 48 Night Ender: TRL Hair Metal,2023-02-05,13,Ice Cream Man,Van Halen,Van Halen - Ice Cream Man,AMP | 2023-02-05 | MUYA 48 Night Ender: TRL Hair Metal,
0.3293453079,MUYA 48 Night Ender: TRL Hair Metal,2023-02-05,8,Flying High Again,Ozzy Osbourne,Ozzy Osbourne - Flying High Again,AMP | 2023-02-05 | MUYA 48 Night Ender: TRL Hair Metal,
0.370949931,MUYA 48 Night Ender: TRL Hair Metal,2023-02-05,12,Sweating Bullets,Megadeth,Megadeth - Sweating Bullets,AMP | 2023-02-05 | MUYA 48 Night Ender: TRL Hair Metal,
0.1433298233,MUYA 48 Night Ender: TRL Hair Metal,2023-02-05,6,Insane,Ratchet Dolls,Ratchet Dolls - Insane,AMP | 2023-02-05 | MUYA 48 Night Ender: TRL Hair Metal,
0.2111835523,MUYA 48 Night Ender: TRL Hair Metal,2023-02-05,3,Livin' On A Prayer,Bon Jovi,Bon Jovi - Livin' On A Prayer,AMP | 2023-02-05 | MUYA 48 Night Ender: TRL Hair Metal,
0.05577763699,MUYA 48 Night Ender: TRL Hair Metal,2023-02-05,10,Kickstart My Heart,Motley Crue,Motley Crue - Kickstart My Heart,AMP | 2023-02-05 | MUYA 48 Night Ender: TRL Hair Metal,
0.3419347237,MUYA 48 Night Ender: TRL Hair Metal,2023-02-05,9,Gypsy Road,Cinderella,Cinderella - Gypsy Road,AMP | 2023-02-05 | MUYA 48 Night Ender: TRL Hair Metal,
0.8261779367,MUYA 48 Night Ender: TRL Hair Metal,2023-02-05,11,Wasted Years,Iron Maiden,Iron Maiden - Wasted Years,AMP | 2023-02-05 | MUYA 48 Night Ender: TRL Hair Metal,
0.4975268888,MUYA Forty Four,2023-02-05,11,Mr. Crowley,Ozzy Osbourne,Ozzy Osbourne - Mr. Crowley,AMP | 2023-02-05 | MUYA Forty Four,
0.4713796454,MUYA Forty Four,2023-02-05,12,Mr. Brownstone,Guns N’ Roses,Guns N’ Roses - Mr. Brownstone,AMP | 2023-02-05 | MUYA Forty Four,
0.870239433,MUYA Forty Four,2023-02-05,4,The Devil in I,Slipknot,Slipknot - The Devil in I,AMP | 2023-02-05 | MUYA Forty Four,
0.7803408521,MUYA Forty Four,2023-02-05,3,Jesus Built My Hotrod,Ministry,Ministry - Jesus Built My Hotrod,AMP | 2023-02-05 | MUYA Forty Four,
0.3293131719,MUYA Forty Four,2023-02-05,13,Sugar,System Of A Down,System Of A Down - Sugar,AMP | 2023-02-05 | MUYA Forty Four,
0.2354789381,MUYA Forty Four,2023-02-05,8,Fairies Wear Boots,Black Sabbath,Black Sabbath - Fairies Wear Boots,AMP | 2023-02-05 | MUYA Forty Four,
0.3252831235,MUYA Forty Four,2023-02-05,1,Infestissumam,Ghost,Ghost - Infestissumam,AMP | 2023-02-05 | MUYA Forty Four,
0.1747248112,MUYA Forty Four,2023-02-05,5,Begravelsesnatt,Gorgoroth,Gorgoroth - Begravelsesnatt,AMP | 2023-02-05 | MUYA Forty Four,
0.8637844724,MUYA Forty Four,2023-02-05,14,Blackout,Scorpions,Scorpions - Blackout,AMP | 2023-02-05 | MUYA Forty Four,
0.4433044382,MUYA Forty Four,2023-02-05,6,Lips in the Hills,Blue Oyster Cult,Blue Oyster Cult - Lips in the Hills,AMP | 2023-02-05 | MUYA Forty Four,
0.6969279646,MUYA Forty Four,2023-02-05,10,Hell Bent for Leather,Judas Priest,Judas Priest - Hell Bent for Leather,AMP | 2023-02-05 | MUYA Forty Four,
0.7119488653,MUYA Forty Four,2023-02-05,2,Year Zero,Ghost,Ghost - Year Zero,AMP | 2023-02-05 | MUYA Forty Four,
0.1399579631,MUYA Forty Four,2023-02-05,9,Peace Sells,Megadeth,Megadeth - Peace Sells,AMP | 2023-02-05 | MUYA Forty Four,
0.5171433539,MUYA Forty Four,2023-02-05,7,Stinkfist,Tool,Tool - Stinkfist,AMP | 2023-02-05 | MUYA Forty Four,
0.2162287802,Ad Hoc Rock,2023-02-11,8,How's It Going to Be,Third Eye Blind,Third Eye Blind - How's It Going to Be,AMP | 2023-02-11 | Ad Hoc Rock,
0.1132713519,Ad Hoc Rock,2023-02-11,3,Ants Marching,The Dave Matthews Band,The Dave Matthews Band - Ants Marching,AMP | 2023-02-11 | Ad Hoc Rock,
0.09522693579,Ad Hoc Rock,2023-02-11,14,MFC,Pearl Jam,Pearl Jam - MFC,AMP | 2023-02-11 | Ad Hoc Rock,
0.6358139112,Ad Hoc Rock,2023-02-11,7,Graduate,Third Eye Blind,Third Eye Blind - Graduate,AMP | 2023-02-11 | Ad Hoc Rock,
0.5877176198,Ad Hoc Rock,2023-02-11,10,Saint Joe On The School Bus,Marcy Playground,Marcy Playground - Saint Joe On The School Bus,AMP | 2023-02-11 | Ad Hoc Rock,
0.3444841922,Ad Hoc Rock,2023-02-11,1,What's My Age Again?,blink-182,blink-182 - What's My Age Again?,AMP | 2023-02-11 | Ad Hoc Rock,
0.2610172783,Ad Hoc Rock,2023-02-11,6,Bittersweet,Fuel,Fuel - Bittersweet,AMP | 2023-02-11 | Ad Hoc Rock,
0.8462831274,Ad Hoc Rock,2023-02-11,9,Sex and Candy,Marcy Playground,Marcy Playground - Sex and Candy,AMP | 2023-02-11 | Ad Hoc Rock,
0.138429692,Ad Hoc Rock,2023-02-11,2,Stay Together For The Kids,blink-182,blink-182 - Stay Together For The Kids,AMP | 2023-02-11 | Ad Hoc Rock,
0.9575611961,Ad Hoc Rock,2023-02-11,11,Little Guns,Oingo Boingo,Oingo Boingo - Little Guns,AMP | 2023-02-11 | Ad Hoc Rock,
0.9431935016,Ad Hoc Rock,2023-02-11,12,Only A Lad,Oingo Boingo,Oingo Boingo - Only A Lad,AMP | 2023-02-11 | Ad Hoc Rock,
0.03348577845,Ad Hoc Rock,2023-02-11,5,Hemorrhage,Fuel,Fuel - Hemorrhage,AMP | 2023-02-11 | Ad Hoc Rock,
0.07266610577,Ad Hoc Rock,2023-02-11,4,Don't Drink the Water,The Dave Matthews Band,The Dave Matthews Band - Don't Drink the Water,AMP | 2023-02-11 | Ad Hoc Rock,
0.2206986012,Ad Hoc Rock,2023-02-11,13,Rats,Pearl Jam,Pearl Jam - Rats,AMP | 2023-02-11 | Ad Hoc Rock,
0.4673232889,Ad Hoc Rock,2023-02-11,15,Porch,Pearl Jam,Pearl Jam - Porch,AMP | 2023-02-11 | Ad Hoc Rock,
0.7378766505,Ad Hoc,2023-02-15,11,Suffragette City,David Bowie,David Bowie - Suffragette City,AMP | 2023-02-15 | Ad Hoc,
0.9365275735,Ad Hoc,2023-02-15,12,She's Got Issues,The Offspring,The Offspring - She's Got Issues,AMP | 2023-02-15 | Ad Hoc,
0.2884869435,Ad Hoc,2023-02-15,5,Black Sunshine,Iggy Pop,Iggy Pop - Black Sunshine,AMP | 2023-02-15 | Ad Hoc,
0.3745732536,Ad Hoc,2023-02-15,16,Better Off Dead,Bad Religion,Bad Religion - Better Off Dead,AMP | 2023-02-15 | Ad Hoc,
0.4049754796,Ad Hoc,2023-02-15,3,Salvation,Rancid,Rancid - Salvation,AMP | 2023-02-15 | Ad Hoc,
0.3425430318,Ad Hoc,2023-02-15,6,Please Play This Song On The Radio,NOFX,NOFX - Please Play This Song On The Radio,AMP | 2023-02-15 | Ad Hoc,
0.5243058183,Ad Hoc,2023-02-15,7,Police On My Back,The Clash,The Clash - Police On My Back,AMP | 2023-02-15 | Ad Hoc,
0.2909225182,Ad Hoc,2023-02-15,9,Walking Contradiction,Green Day,Green Day - Walking Contradiction,AMP | 2023-02-15 | Ad Hoc,
0.02713995699,Ad Hoc,2023-02-15,13,Institutionalized,Suicidal Tendencies,Suicidal Tendencies - Institutionalized,AMP | 2023-02-15 | Ad Hoc,
0.9822552164,Ad Hoc,2023-02-15,8,So Far Away,Social Distortion,Social Distortion - So Far Away,AMP | 2023-02-15 | Ad Hoc,
0.2286336809,Ad Hoc,2023-02-15,2,Jane Says,Jane’s Addiction,Jane’s Addiction - Jane Says,AMP | 2023-02-15 | Ad Hoc,
0.5605450676,Ad Hoc,2023-02-15,10,Personality Crisis,New York Dolls,New York Dolls - Personality Crisis,AMP | 2023-02-15 | Ad Hoc,
0.2950290171,Ad Hoc,2023-02-15,4,Dirty Blvd,Lou Reed,Lou Reed - Dirty Blvd,AMP | 2023-02-15 | Ad Hoc,
0.9634152051,Ad Hoc,2023-02-15,1,Sunday Bloody Sunday,U2,U2 - Sunday Bloody Sunday,AMP | 2023-02-15 | Ad Hoc,
0.4498172621,Ad Hoc,2023-02-15,14,Dicke Titten,Rammstein,Rammstein - Dicke Titten,AMP | 2023-02-15 | Ad Hoc,
0.6336257192,Ad Hoc,2023-02-15,15,Hurt,Nine Inch Nails,Nine Inch Nails - Hurt,AMP | 2023-02-15 | Ad Hoc,
0.3146952147,Night Ender,2023-03-05,10,Movies,Alien Ant Farm,Alien Ant Farm - Movies,AMP | 2023-03-05 | Night Ender,
0.5484762881,Night Ender,2023-03-05,14,Orgasm Addict,Buzzcocks,Buzzcocks - Orgasm Addict,AMP | 2023-03-05 | Night Ender,
0.2579461218,Night Ender,2023-03-05,20,Spacehog,Spacehog,Spacehog - Spacehog,AMP | 2023-03-05 | Night Ender,
0.6295387728,Night Ender,2023-03-05,5,Girl Anachronism,The Dresden Dolls,The Dresden Dolls - Girl Anachronism,AMP | 2023-03-05 | Night Ender,
0.665971188,Night Ender,2023-03-05,3,I'll Be You,The Replacements,The Replacements - I'll Be You,AMP | 2023-03-05 | Night Ender,
0.442367204,Night Ender,2023-03-05,11,Wave Of Mutilation,Pixies,Pixies - Wave Of Mutilation,AMP | 2023-03-05 | Night Ender,
0.8478296708,Night Ender,2023-03-05,2,Heroin Girl,Everclear,Everclear - Heroin Girl,AMP | 2023-03-05 | Night Ender,
0.458232038,Night Ender,2023-03-05,21,Call Me When You're Sober,Evanescence,Evanescence - Call Me When You're Sober,AMP | 2023-03-05 | Night Ender,
0.07879249672,Night Ender,2023-03-05,1,A Forest,The Cure,The Cure - A Forest,AMP | 2023-03-05 | Night Ender,
0.8800632527,Night Ender,2023-03-05,15,It Doesn't Pay to Turn Up Late to an Orgy,Mr.B The Gentleman Rhymer,Mr.B The Gentleman Rhymer - It Doesn't Pay to Turn Up Late to an Orgy,AMP | 2023-03-05 | Night Ender,
0.1036756454,Night Ender,2023-03-05,18,Sodajerk,Buffalo Tom,Buffalo Tom - Sodajerk,AMP | 2023-03-05 | Night Ender,
0.3758238216,Night Ender,2023-03-05,4,Birdhouse In Your Soul,They Might Be Giants,They Might Be Giants - Birdhouse In Your Soul,AMP | 2023-03-05 | Night Ender,
0.2863248432,Night Ender,2023-03-05,8,All Good Soldiers,Bad Religion,Bad Religion - All Good Soldiers,AMP | 2023-03-05 | Night Ender,
0.8982634011,Night Ender,2023-03-05,17,Fallen Leaves,Billy Talent,Billy Talent - Fallen Leaves,AMP | 2023-03-05 | Night Ender,
0.8059204243,Night Ender,2023-03-05,9,Been Caught Stealing,Jane’s Addiction,Jane’s Addiction - Been Caught Stealing,AMP | 2023-03-05 | Night Ender,
0.874833526,Night Ender,2023-03-05,6,Bill Ringo In The Dark,Drive-By Truckers,Drive-By Truckers - Bill Ringo In The Dark,AMP | 2023-03-05 | Night Ender,
0.6772408778,Night Ender,2023-03-05,12,The Kids Aren't Alright,The Offspring,The Offspring - The Kids Aren't Alright,AMP | 2023-03-05 | Night Ender,
0.3405200868,Night Ender,2023-03-05,19,End It On This,No Doubt,No Doubt - End It On This,AMP | 2023-03-05 | Night Ender,
0.489763152,Night Ender,2023-03-05,13,Brand New Cadillac,The Clash,The Clash - Brand New Cadillac,AMP | 2023-03-05 | Night Ender,
0.3651314663,Night Ender,2023-03-05,16,Dirty Blvd.,Lou Reed,Lou Reed - Dirty Blvd.,AMP | 2023-03-05 | Night Ender,
0.2142180339,Night Ender,2023-03-05,7,Hang On to Your Ego,Frank Black,Frank Black - Hang On to Your Ego,AMP | 2023-03-05 | Night Ender,
0.3414578611,Night Ender,2023-03-09,8,AM Radio,Everclear,Everclear - AM Radio,AMP | 2023-03-09 | Night Ender,
0.07530723268,Night Ender,2023-03-09,13,Little Girls,Oingo Boingo,Oingo Boingo - Little Girls,AMP | 2023-03-09 | Night Ender,
0.1886067392,Night Ender,2023-03-09,12,Sir Psycho Sexy,Red Hot Chili Peppers,Red Hot Chili Peppers - Sir Psycho Sexy,AMP | 2023-03-09 | Night Ender,
0.7117054555,Night Ender,2023-03-09,11,Psycho,Muse,Muse - Psycho,AMP | 2023-03-09 | Night Ender,
0.2632558237,Night Ender,2023-03-09,14,Doctor! Doctor!,The Thompson Twins,The Thompson Twins - Doctor! Doctor!,AMP | 2023-03-09 | Night Ender,
0.7808143986,Night Ender,2023-03-09,6,Brain Stew,Green Day,Green Day - Brain Stew,AMP | 2023-03-09 | Night Ender,
0.1287170713,Night Ender,2023-03-09,1,Shelf In The Room,Days Of The New,Days Of The New - Shelf In The Room,AMP | 2023-03-09 | Night Ender,
0.9732348203,Night Ender,2023-03-09,10,Burden In My Hand,Soundgarden,Soundgarden - Burden In My Hand,AMP | 2023-03-09 | Night Ender,
0.3163580711,Night Ender,2023-03-09,7,Goodbye Yellow Brick Road,Queens Of The Stone Age,Queens Of The Stone Age - Goodbye Yellow Brick Road,AMP | 2023-03-09 | Night Ender,
0.503427999,Night Ender,2023-03-09,9,About A Girl,Nirvana,Nirvana - About A Girl,AMP | 2023-03-09 | Night Ender,
0.725497271,Night Ender,2023-03-09,5,State of Love and Trust,Pearl Jam,Pearl Jam - State of Love and Trust,AMP | 2023-03-09 | Night Ender,
0.4770261261,Night Ender,2023-03-09,16,Synchronicity II,The Police,The Police - Synchronicity II,AMP | 2023-03-09 | Night Ender,
0.3864151592,Night Ender,2023-03-09,15,One Thing Leads To Another,The Fixx,The Fixx - One Thing Leads To Another,AMP | 2023-03-09 | Night Ender,
0.8058237525,Night Ender,2023-03-09,3,The Fly,U2,U2 - The Fly,AMP | 2023-03-09 | Night Ender,
0.3872685355,Night Ender,2023-03-09,4,Greedy Fly,Bush,Bush - Greedy Fly,AMP | 2023-03-09 | Night Ender,
0.2683662674,Night Ender,2023-03-09,2,Big Balls,AC/DC,AC/DC - Big Balls,AMP | 2023-03-09 | Night Ender,
0.9107490404,Ad Hoc AI,2023-03-10,3,Black And White Town,Doves,Doves - Black And White Town,AMP | 2023-03-10 | Ad Hoc AI,
0.8825976549,Ad Hoc AI,2023-03-10,7,Bitter Sweet Symphony,The Verve,The Verve - Bitter Sweet Symphony,AMP | 2023-03-10 | Ad Hoc AI,
0.5022035485,Ad Hoc AI,2023-03-10,1,Outshined,Soundgarden,Soundgarden - Outshined,AMP | 2023-03-10 | Ad Hoc AI,
0.4682147975,Ad Hoc AI,2023-03-10,4,PDA,Interpol,Interpol - PDA,AMP | 2023-03-10 | Ad Hoc AI,
0.0001725479523,Ad Hoc AI,2023-03-10,11,Back Door Man,The Doors,The Doors - Back Door Man,AMP | 2023-03-10 | Ad Hoc AI,
0.3968027685,Ad Hoc AI,2023-03-10,5,The Only One I Know,The Charlatans,The Charlatans - The Only One I Know,AMP | 2023-03-10 | Ad Hoc AI,
0.4960671334,Ad Hoc AI,2023-03-10,2,I Stay Away,Alice In Chains,Alice In Chains - I Stay Away,AMP | 2023-03-10 | Ad Hoc AI,
0.339717737,Ad Hoc AI,2023-03-10,10,Rock Star,Hole,Hole - Rock Star,AMP | 2023-03-10 | Ad Hoc AI,
0.3857839271,Ad Hoc AI,2023-03-10,9,Queer,Garbage,Garbage - Queer,AMP | 2023-03-10 | Ad Hoc AI,
0.8748975178,Ad Hoc AI,2023-03-10,8,Connection,Elastica,Elastica - Connection,AMP | 2023-03-10 | Ad Hoc AI,
0.05686631158,Ad Hoc AI,2023-03-10,6,I Wanna Be Adored,The Stone Roses,The Stone Roses - I Wanna Be Adored,AMP | 2023-03-10 | Ad Hoc AI,
0.1677869055,Long Songs,2023-03-11,12,Riders on the Storm,The Doors,The Doors - Riders on the Storm,AMP | 2023-03-11 | Long Songs,
0.185395866,Long Songs,2023-03-11,4,Silverfuck,The Smashing Pumpkins,The Smashing Pumpkins - Silverfuck,AMP | 2023-03-11 | Long Songs,
0.427469892,Long Songs,2023-03-11,10,Scenes from an Italian Restaurant,Billy Joel,Billy Joel - Scenes from an Italian Restaurant,AMP | 2023-03-11 | Long Songs,
0.5528070562,Long Songs,2023-03-11,11,Gonna Raise Hell,Cheap Trick,Cheap Trick - Gonna Raise Hell,AMP | 2023-03-11 | Long Songs,
0.3016288008,Long Songs,2023-03-11,9,Kashmir,Led Zeppelin,Led Zeppelin - Kashmir,AMP | 2023-03-11 | Long Songs,
0.9305473202,Long Songs,2023-03-11,1,Carouselambra,Led Zeppelin,Led Zeppelin - Carouselambra,AMP | 2023-03-11 | Long Songs,
0.9234541664,Long Songs,2023-03-11,8,Comfortably Numb,Pink Floyd,Pink Floyd - Comfortably Numb,AMP | 2023-03-11 | Long Songs,
0.006869887393,Long Songs,2023-03-11,5,Livin' On The Edge,Aerosmith,Aerosmith - Livin' On The Edge,AMP | 2023-03-11 | Long Songs,
0.5860836998,Long Songs,2023-03-11,3,Can't You Hear Me Knocking,The Rolling Stones,The Rolling Stones - Can't You Hear Me Knocking,AMP | 2023-03-11 | Long Songs,
0.7725859579,Long Songs,2023-03-11,7,Opiate,Tool,Tool - Opiate,AMP | 2023-03-11 | Long Songs,
0.3871571776,Long Songs,2023-03-11,2,Natural Science,Rush,Rush - Natural Science,AMP | 2023-03-11 | Long Songs,
0.8594799529,Long Songs,2023-03-11,6,Three Days,Jane’s Addiction,Jane’s Addiction - Three Days,AMP | 2023-03-11 | Long Songs,
0.06486201018,Night Ender,2023-03-12,2,How Much Longer,Eve 6,Eve 6 - How Much Longer,AMP | 2023-03-12 | Night Ender,
0.2950975493,Night Ender,2023-03-12,1,Shimmer,Fuel,Fuel - Shimmer,AMP | 2023-03-12 | Night Ender,
0.3102635723,Take Two,2023-03-12,5,Blackout,Scorpions,Scorpions - Blackout,AMP | 2023-03-12 | Take Two,
0.1501614661,Take Two,2023-03-12,11,Can't Get There From Here,R.E.M.,R.E.M. - Can't Get There From Here,AMP | 2023-03-12 | Take Two,
0.2772416068,Take Two,2023-03-12,1,I Will Buy You A New Life,Everclear,Everclear - I Will Buy You A New Life,AMP | 2023-03-12 | Take Two,
0.8999982846,Take Two,2023-03-12,4,All in the Suit That You Wear,Stone Temple Pilots,Stone Temple Pilots - All in the Suit That You Wear,AMP | 2023-03-12 | Take Two,
0.7750909009,Take Two,2023-03-12,10,Runnin' with the Devil,Van Halen,Van Halen - Runnin' with the Devil,AMP | 2023-03-12 | Take Two,
0.6797305967,Take Two,2023-03-12,9,Right Now,Van Halen,Van Halen - Right Now,AMP | 2023-03-12 | Take Two,
0.6895167194,Take Two,2023-03-12,7,State of Love and Trust,Pearl Jam,Pearl Jam - State of Love and Trust,AMP | 2023-03-12 | Take Two,
0.3058943684,Take Two,2023-03-12,12,I Believe,R.E.M.,R.E.M. - I Believe,AMP | 2023-03-12 | Take Two,
0.7707167457,Take Two,2023-03-12,8,I Got Id,Pearl Jam,Pearl Jam - I Got Id,AMP | 2023-03-12 | Take Two,
0.1764947049,Take Two,2023-03-12,6,Arizona,Scorpions,Scorpions - Arizona,AMP | 2023-03-12 | Take Two,
0.8034646494,Take Two,2023-03-12,3,Lady Picture Show,Stone Temple Pilots,Stone Temple Pilots - Lady Picture Show,AMP | 2023-03-12 | Take Two,
0.2998530883,Take Two,2023-03-12,2,Wonderful,Everclear,Everclear - Wonderful,AMP | 2023-03-12 | Take Two,
0.8502016629,Ad Hoc Rock - 1 Year Later,2023-03-14,1,American Girl,Tom Petty,Tom Petty - American Girl,AMP | 2023-03-14 | Ad Hoc Rock - 1 Year Later,
0.4830900134,Ad Hoc Rock - 1 Year Later,2023-03-14,2,Hey You,Pink Floyd,Pink Floyd - Hey You,AMP | 2023-03-14 | Ad Hoc Rock - 1 Year Later,
0.2663243568,Ad Hoc Rock - 1 Year Later,2023-03-14,5,Schism,Tool,Tool - Schism,AMP | 2023-03-14 | Ad Hoc Rock - 1 Year Later,
0.51751796,Ad Hoc Rock - 1 Year Later,2023-03-14,4,Last Cup of Sorrow,Faith No More,Faith No More - Last Cup of Sorrow,AMP | 2023-03-14 | Ad Hoc Rock - 1 Year Later,
0.324983638,Ad Hoc Rock - 1 Year Later,2023-03-14,6,Over Now,Alice In Chains,Alice In Chains - Over Now,AMP | 2023-03-14 | Ad Hoc Rock - 1 Year Later,
0.3050039925,Ad Hoc Rock - 1 Year Later,2023-03-14,3,Breaking the Girl,Red Hot Chili Peppers,Red Hot Chili Peppers - Breaking the Girl,AMP | 2023-03-14 | Ad Hoc Rock - 1 Year Later,
0.8702564334,Hour of Prog Rock,2023-03-16,1,Three of a Perfect Pair,King Crimson,King Crimson - Three of a Perfect Pair,AMP | 2023-03-16 | Hour of Prog Rock,
0.6915399694,Hour of Prog Rock,2023-03-16,7,Wildest Dreams,Asia,Asia - Wildest Dreams,AMP | 2023-03-16 | Hour of Prog Rock,
0.5216207217,Hour of Prog Rock,2023-03-16,4,Everything All at Once,Sea in the Sky,Sea in the Sky - Everything All at Once,AMP | 2023-03-16 | Hour of Prog Rock,
0.1174923542,Hour of Prog Rock,2023-03-16,8,In The Light,Led Zeppelin,Led Zeppelin - In The Light,AMP | 2023-03-16 | Hour of Prog Rock,
0.6739811676,Hour of Prog Rock,2023-03-16,6,Us and Them,Pink Floyd,Pink Floyd - Us and Them,AMP | 2023-03-16 | Hour of Prog Rock,
0.504585821,Hour of Prog Rock,2023-03-16,3,Dancing With The Moonlight Knight,Genesis,Genesis - Dancing With The Moonlight Knight,AMP | 2023-03-16 | Hour of Prog Rock,
0.2364108537,Hour of Prog Rock,2023-03-16,5,Suite Sister Mary,Queensryche,Queensryche - Suite Sister Mary,AMP | 2023-03-16 | Hour of Prog Rock,
0.4145153972,Hour of Prog Rock,2023-03-16,9,In The Dead Of Night,U.K.,U.K. - In The Dead Of Night,AMP | 2023-03-16 | Hour of Prog Rock,
0.6052678817,Hour of Prog Rock,2023-03-16,2,Barstool Warrior,Dream Theater,Dream Theater - Barstool Warrior,AMP | 2023-03-16 | Hour of Prog Rock,
0.9107234775,Night Ender Down Tempo,2023-03-17,1,Yellow Ledbetter,Pearl Jam,Pearl Jam - Yellow Ledbetter,AMP | 2023-03-17 | Night Ender Down Tempo,
0.4150184571,Night Ender Down Tempo,2023-03-17,3,Let Love Rule,Lenny Kravitz,Lenny Kravitz - Let Love Rule,AMP | 2023-03-17 | Night Ender Down Tempo,
0.6014815445,Night Ender Down Tempo,2023-03-17,14,Alone I Break,Korn,Korn - Alone I Break,AMP | 2023-03-17 | Night Ender Down Tempo,
0.8101748901,Night Ender Down Tempo,2023-03-17,6,"Hey, Hey, What Can I Do",Led Zeppelin,"Led Zeppelin - Hey, Hey, What Can I Do",AMP | 2023-03-17 | Night Ender Down Tempo,
0.547773606,Night Ender Down Tempo,2023-03-17,10,Ride,Twenty One Pilots,Twenty One Pilots - Ride,AMP | 2023-03-17 | Night Ender Down Tempo,
0.257090023,Night Ender Down Tempo,2023-03-17,16,One,U2,U2 - One,AMP | 2023-03-17 | Night Ender Down Tempo,
0.4830007855,Night Ender Down Tempo,2023-03-17,4,"So Long, And Thanks For All The Fish",A Perfect Circle,"A Perfect Circle - So Long, And Thanks For All The Fish",AMP | 2023-03-17 | Night Ender Down Tempo,
0.7034168304,Night Ender Down Tempo,2023-03-17,11,Strawberry,Everclear,Everclear - Strawberry,AMP | 2023-03-17 | Night Ender Down Tempo,
0.6532558449,Night Ender Down Tempo,2023-03-17,5,Aurora,Foo Fighters,Foo Fighters - Aurora,AMP | 2023-03-17 | Night Ender Down Tempo,
0.3999415321,Night Ender Down Tempo,2023-03-17,8,The Guns of Brixton,The Clash,The Clash - The Guns of Brixton,AMP | 2023-03-17 | Night Ender Down Tempo,
0.4775143691,Night Ender Down Tempo,2023-03-17,17,Shine On You Crazy Diamond,Pink Floyd,Pink Floyd - Shine On You Crazy Diamond,AMP | 2023-03-17 | Night Ender Down Tempo,
0.1439614864,Night Ender Down Tempo,2023-03-17,12,Burn Down The Mission,Elton John,Elton John - Burn Down The Mission,AMP | 2023-03-17 | Night Ender Down Tempo,
0.7178462565,Night Ender Down Tempo,2023-03-17,9,Something,The Beatles,The Beatles - Something,AMP | 2023-03-17 | Night Ender Down Tempo,
0.5707526964,Night Ender Down Tempo,2023-03-17,15,Jane Says,Jane’s Addiction,Jane’s Addiction - Jane Says,AMP | 2023-03-17 | Night Ender Down Tempo,
0.4025812021,Night Ender Down Tempo,2023-03-17,7,Breakdown,Tom Petty,Tom Petty - Breakdown,AMP | 2023-03-17 | Night Ender Down Tempo,
0.4109360037,Night Ender Down Tempo,2023-03-17,13,Shadow of the Day,Linkin Park,Linkin Park - Shadow of the Day,AMP | 2023-03-17 | Night Ender Down Tempo,
0.9628030665,Night Ender Down Tempo,2023-03-17,2,Come As You Are,Nirvana,Nirvana - Come As You Are,AMP | 2023-03-17 | Night Ender Down Tempo,
0.113304618,Ad Hoc Rock #AmpYearOne,2023-03-19,8,Why Don't We Do It In The Road,The Beatles,The Beatles - Why Don't We Do It In The Road,AMP | 2023-03-19 | Ad Hoc Rock #AmpYearOne,
0.9177657523,Ad Hoc Rock #AmpYearOne,2023-03-19,7,Debaser,Pixies,Pixies - Debaser,AMP | 2023-03-19 | Ad Hoc Rock #AmpYearOne,
0.6871482169,Ad Hoc Rock #AmpYearOne,2023-03-19,3,Separacion,Zapato 3,Zapato 3 - Separacion,AMP | 2023-03-19 | Ad Hoc Rock #AmpYearOne,
0.6116055296,Ad Hoc Rock #AmpYearOne,2023-03-19,14,Burn It Down,Linkin Park,Linkin Park - Burn It Down,AMP | 2023-03-19 | Ad Hoc Rock #AmpYearOne,
0.09314820075,Ad Hoc Rock #AmpYearOne,2023-03-19,1,Jerusalem,"Emerson, Lake & Palmer","Emerson, Lake & Palmer - Jerusalem",AMP | 2023-03-19 | Ad Hoc Rock #AmpYearOne,
0.486485828,Ad Hoc Rock #AmpYearOne,2023-03-19,12,Stay,Oingo Boingo,Oingo Boingo - Stay,AMP | 2023-03-19 | Ad Hoc Rock #AmpYearOne,
0.5710053405,Ad Hoc Rock #AmpYearOne,2023-03-19,16,"Hello, Goodbye",The Beatles,"The Beatles - Hello, Goodbye",AMP | 2023-03-19 | Ad Hoc Rock #AmpYearOne,
0.841090553,Ad Hoc Rock #AmpYearOne,2023-03-19,13,Daisy,Stone Temple Pilots,Stone Temple Pilots - Daisy,AMP | 2023-03-19 | Ad Hoc Rock #AmpYearOne,
0.2641934794,Ad Hoc Rock #AmpYearOne,2023-03-19,6,Black Summer,Red Hot Chili Peppers,Red Hot Chili Peppers - Black Summer,AMP | 2023-03-19 | Ad Hoc Rock #AmpYearOne,
0.02384301838,Ad Hoc Rock #AmpYearOne,2023-03-19,5,Burning Love,Elvis,Elvis - Burning Love,AMP | 2023-03-19 | Ad Hoc Rock #AmpYearOne,
0.7323394279,Ad Hoc Rock #AmpYearOne,2023-03-19,10,In the Meantime,Spacehog,Spacehog - In the Meantime,AMP | 2023-03-19 | Ad Hoc Rock #AmpYearOne,
0.2436605001,Ad Hoc Rock #AmpYearOne,2023-03-19,4,Big Balls,AC/DC,AC/DC - Big Balls,AMP | 2023-03-19 | Ad Hoc Rock #AmpYearOne,
0.0400605933,Ad Hoc Rock #AmpYearOne,2023-03-19,15,Hollywood Bitch,Stone Temple Pilots,Stone Temple Pilots - Hollywood Bitch,AMP | 2023-03-19 | Ad Hoc Rock #AmpYearOne,
0.2343727768,Ad Hoc Rock #AmpYearOne,2023-03-19,11,Motorcrash,The Sugarcubes,The Sugarcubes - Motorcrash,AMP | 2023-03-19 | Ad Hoc Rock #AmpYearOne,
0.2036250175,Ad Hoc Rock #AmpYearOne,2023-03-19,9,At The Hundredth Meridian,The Tragically Hip,The Tragically Hip - At The Hundredth Meridian,AMP | 2023-03-19 | Ad Hoc Rock #AmpYearOne,
0.6096747787,Ad Hoc Rock #AmpYearOne,2023-03-19,2,Hysteria,Muse,Muse - Hysteria,AMP | 2023-03-19 | Ad Hoc Rock #AmpYearOne,
0.7551349659,Night Ender 30 min,2023-03-19,5,In The Dark,Billy Squier,Billy Squier - In The Dark,AMP | 2023-03-19 | Night Ender 30 min,
0.01181467479,Night Ender 30 min,2023-03-19,3,King Of Pain,The Police,The Police - King Of Pain,AMP | 2023-03-19 | Night Ender 30 min,
0.9553009736,Night Ender 30 min,2023-03-19,2,Hear About It Late,Van Halen,Van Halen - Hear About It Late,AMP | 2023-03-19 | Night Ender 30 min,
0.8479267695,Night Ender 30 min,2023-03-19,1,Red Barchetta,Rush,Rush - Red Barchetta,AMP | 2023-03-19 | Night Ender 30 min,
0.9231211633,Night Ender 30 min,2023-03-19,4,Don't Let Him Go,REO Speedwagon,REO Speedwagon - Don't Let Him Go,AMP | 2023-03-19 | Night Ender 30 min,
0.1724179057,Night Ender 30 min,2023-03-19,6,Fight the Good Fight,Triumph,Triumph - Fight the Good Fight,AMP | 2023-03-19 | Night Ender 30 min,